accuracy,kappa,f1_micro,f1_macro,f1_weighted,recall_micro,recall_macro,recall_weighted,precision_micro,precision_macro,precision_weighted,gmean,precision_barley,precision_corn,precision_orchards,precision_cereals,precision_protein_crops,precision_rapeseed,precision_temp._meadows,precision_vegetables,recall_barley,recall_corn,recall_orchards,recall_cereals,recall_protein_crops,recall_rapeseed,recall_temp._meadows,recall_vegetables
0.7880357983984927,0.7511054093623666,0.7880357983984927,0.7021540738403359,0.7828057527926073,0.7880357983984927,0.7184785653650254,0.7880357983984927,0.7880357983984927,0.7691638725089619,0.8386080566196399,0.8345315000117343,0.9791344667697064,0.9031639501438159,0.5813953488372093,0.562993762993763,0.40765391014975044,0.9915373765867419,0.813134328358209,0.9142978362324989,0.42233333333333334,0.942,0.16447368421052633,0.9026666666666666,0.7526881720430108,0.9373333333333334,0.908,0.7183333333333334
