accuracy,kappa,f1_micro,f1_macro,f1_weighted,recall_micro,recall_macro,recall_weighted,precision_micro,precision_macro,precision_weighted,gmean,precision_wheat,precision_corn,precision_orchards,precision_perm._meadows,precision_rapeseed,precision_temp._meadows,precision_vegetables,recall_wheat,recall_corn,recall_orchards,recall_perm._meadows,recall_rapeseed,recall_temp._meadows,recall_vegetables
0.7357498916341569,0.6899071510615914,0.7357498916341569,0.6694330362823403,0.7311403112190209,0.7357498916341569,0.7180827067669174,0.7357498916341569,0.7357498916341569,0.6831636856687234,0.7585099002405802,0.829041081092854,0.7777182645956079,0.9000638569604087,0.1365482233502538,0.5418956043956044,0.9753378378378378,0.5983527131782945,0.8522292993630574,0.968,0.9396666666666667,0.5899122807017544,0.263,0.9623333333333334,0.4116666666666667,0.892
