accuracy,kappa,f1_micro,f1_macro,f1_weighted,recall_micro,recall_macro,recall_weighted,precision_micro,precision_macro,precision_weighted,gmean,precision_wheat,precision_fodder,precision_misc.,precision_orchards,precision_protein_crops,precision_vegetables,recall_wheat,recall_fodder,recall_misc.,recall_orchards,recall_protein_crops,recall_vegetables
0.720836194399939,0.6536467384449005,0.7208361943999391,0.6464921743120159,0.7366226748587938,0.720836194399939,0.6959339747217506,0.720836194399939,0.720836194399939,0.6447109168250283,0.770795212192946,0.8110629209756022,0.9027470792548152,0.7910986367281475,0.7228353140916808,0.17771303714493808,0.4469483568075117,0.8269230769230769,0.953,0.6576666666666666,0.5676666666666667,0.5350877192982456,0.7311827956989247,0.731
