accuracy,kappa,f1_micro,f1_macro,f1_weighted,recall_micro,recall_macro,recall_weighted,precision_micro,precision_macro,precision_weighted,gmean,precision_barley,precision_wheat,precision_fallow,precision_misc.,precision_orchards,precision_perm._meadows,precision_protein_crops,precision_rapeseed,precision_vegetables,recall_barley,recall_wheat,recall_fallow,recall_misc.,recall_orchards,recall_perm._meadows,recall_protein_crops,recall_rapeseed,recall_vegetables
0.6922241823856697,0.6507438433095479,0.6922241823856697,0.6429079661375898,0.7048928855226946,0.6922241823856697,0.6885589870734183,0.6922241823856697,0.6922241823856697,0.6526302526931018,0.7400542982496693,0.8139422760007484,0.8300553165334973,0.9073333333333333,0.5100781571369807,0.5333568655135899,0.1194322075379344,0.6832701678397402,0.4073226544622426,0.971399730820996,0.9114238410596026,0.9003333333333333,0.9073333333333333,0.41333333333333333,0.5036666666666667,0.5350877192982456,0.4206666666666667,0.8202764976958525,0.9623333333333334,0.734
