accuracy,kappa,f1_micro,f1_macro,f1_weighted,recall_micro,recall_macro,recall_weighted,precision_micro,precision_macro,precision_weighted,gmean,precision_wheat,precision_corn,precision_orchards,precision_perm._meadows,precision_rapeseed,precision_temp._meadows,precision_vegetables,recall_wheat,recall_corn,recall_orchards,recall_perm._meadows,recall_rapeseed,recall_temp._meadows,recall_vegetables
0.7916666666666666,0.7532472615482806,0.7916666666666666,0.7343083269897999,0.7963726089702965,0.7916666666666666,0.7475664160401003,0.7916666666666666,0.7916666666666666,0.7324258546613295,0.8040724689315732,0.84953162107292,0.9420621931260229,0.9079375406636304,0.21264994547437296,0.586411149825784,0.9685430463576159,0.5907811400422238,0.9185959671396564,0.9593333333333334,0.9303333333333333,0.4276315789473684,0.561,0.975,0.5596666666666666,0.82
