accuracy,kappa,f1_micro,f1_macro,f1_weighted,recall_micro,recall_macro,recall_weighted,precision_micro,precision_macro,precision_weighted,gmean,precision_barley,precision_wheat,precision_corn,precision_fodder,precision_fallow,precision_misc.,precision_orchards,precision_cereals,precision_perm._meadows,precision_protein_crops,precision_rapeseed,precision_temp._meadows,precision_vegetables,recall_barley,recall_wheat,recall_corn,recall_fodder,recall_fallow,recall_misc.,recall_orchards,recall_cereals,recall_perm._meadows,recall_protein_crops,recall_rapeseed,recall_temp._meadows,recall_vegetables
0.5823144808983494,0.5464857577182036,0.5823144808983494,0.5451086053640365,0.5882198440380477,0.5823144808983494,0.5824683545091016,0.5823144808983494,0.5823144808983494,0.5667754824919234,0.6258390338892568,0.7498831852620864,0.8579668348954578,0.7012527233115469,0.8035921205098494,0.5559581320450886,0.4275724275724276,0.46540679051889816,0.09040683073832245,0.5964696223316913,0.40535714285714286,0.2250987275120667,0.9650184998318198,0.3902439024390244,0.8837375178316691,0.7933333333333333,0.8583333333333333,0.9246666666666666,0.4603333333333333,0.2853333333333333,0.48433333333333334,0.39473684210526316,0.48433333333333334,0.30266666666666664,0.7880184331797235,0.9563333333333334,0.4266666666666667,0.413
