accuracy,kappa,f1_micro,f1_macro,f1_weighted,recall_micro,recall_macro,recall_weighted,precision_micro,precision_macro,precision_weighted,gmean,precision_barley,precision_wheat,precision_corn,precision_fodder,precision_fallow,precision_misc.,precision_orchards,precision_cereals,precision_perm._meadows,precision_protein_crops,precision_rapeseed,precision_temp._meadows,precision_vegetables,recall_barley,recall_wheat,recall_corn,recall_fodder,recall_fallow,recall_misc.,recall_orchards,recall_cereals,recall_perm._meadows,recall_protein_crops,recall_rapeseed,recall_temp._meadows,recall_vegetables
0.620371184800774,0.5871274622811162,0.620371184800774,0.5865278992757459,0.6294243909688162,0.620371184800774,0.6177773154971796,0.620371184800774,0.620371184800774,0.5964755871940306,0.6548975054895148,0.7735068827645412,0.8865472427116263,0.780549415850963,0.8988801054018445,0.5612438376943496,0.4621530698065601,0.5075284612559677,0.11308767471410419,0.6538727524204703,0.3884842178286507,0.2717171717171717,0.9652986319652986,0.4035420619860848,0.8612779901693064,0.8413333333333334,0.824,0.9096666666666666,0.49333333333333335,0.36633333333333334,0.46066666666666667,0.39035087719298245,0.6303333333333333,0.37333333333333335,0.82642089093702,0.9643333333333334,0.42533333333333334,0.5256666666666666
