accuracy,kappa,f1_micro,f1_macro,f1_weighted,recall_micro,recall_macro,recall_weighted,precision_micro,precision_macro,precision_weighted,gmean,precision_wheat,precision_corn,precision_orchards,precision_perm._meadows,precision_rapeseed,precision_temp._meadows,precision_vegetables,recall_wheat,recall_corn,recall_orchards,recall_perm._meadows,recall_rapeseed,recall_temp._meadows,recall_vegetables
0.7665799739921977,0.7260905110802289,0.7665799739921977,0.7157661442167832,0.7799112078784769,0.7665799739921977,0.7544761904761905,0.7665799739921977,0.7665799739921977,0.7272006218358492,0.8061895621785345,0.852102306309366,0.9635135135135136,0.9345794392523364,0.15415821501014199,0.5548829701372074,0.9782098558498156,0.585676625659051,0.9193837334288786,0.9506666666666667,0.9333333333333333,0.6666666666666666,0.4583333333333333,0.9726666666666667,0.44433333333333336,0.8553333333333333
