accuracy,kappa,f1_micro,f1_macro,f1_weighted,recall_micro,recall_macro,recall_weighted,precision_micro,precision_macro,precision_weighted,gmean,precision_wheat,precision_fodder,precision_misc.,precision_orchards,precision_protein_crops,precision_vegetables,recall_wheat,recall_fodder,recall_misc.,recall_orchards,recall_protein_crops,recall_vegetables
0.7390707255664912,0.673118068612176,0.7390707255664911,0.6528878699132324,0.7473368406113873,0.7390707255664912,0.68711340178403,0.7390707255664912,0.7390707255664912,0.6458517047974978,0.7694009984848872,0.8069406327999866,0.91328,0.7222946544980443,0.7287641268683923,0.21279373368146215,0.4254766031195841,0.8725011106175034,0.9513333333333334,0.7386666666666667,0.6663333333333333,0.3574561403508772,0.7542242703533026,0.6546666666666666
