accuracy,kappa,f1_micro,f1_macro,f1_weighted,recall_micro,recall_macro,recall_weighted,precision_micro,precision_macro,precision_weighted,gmean,precision_barley,precision_wheat,precision_fallow,precision_misc.,precision_orchards,precision_perm._meadows,precision_protein_crops,precision_rapeseed,precision_vegetables,recall_barley,recall_wheat,recall_fallow,recall_misc.,recall_orchards,recall_perm._meadows,recall_protein_crops,recall_rapeseed,recall_vegetables
0.6843986067761343,0.6398541593767684,0.6843986067761343,0.6243925978173858,0.6847558515444921,0.6843986067761343,0.6591202827858176,0.6843986067761343,0.6843986067761343,0.6279607301970572,0.7092545168079388,0.7957024371509699,0.83375,0.8585700905401187,0.47978793903247186,0.49264926492649264,0.13157894736842105,0.5464879044010492,0.4004739336492891,0.9783579525936105,0.9299905392620624,0.8893333333333333,0.9166666666666666,0.24133333333333334,0.5473333333333333,0.32894736842105265,0.625,0.7788018433179723,0.9493333333333334,0.6553333333333333
