accuracy,kappa,f1_micro,f1_macro,f1_weighted,recall_micro,recall_macro,recall_weighted,precision_micro,precision_macro,precision_weighted,gmean,precision_barley,precision_corn,precision_orchards,precision_cereals,precision_protein_crops,precision_rapeseed,precision_temp._meadows,precision_vegetables,recall_barley,recall_corn,recall_orchards,recall_cereals,recall_protein_crops,recall_rapeseed,recall_temp._meadows,recall_vegetables
0.7949965981054063,0.7613292275596741,0.7949965981054062,0.7267983430463558,0.8082792453494695,0.7949965981054063,0.7606118319993532,0.7949965981054063,0.7949965981054063,0.7282312271902496,0.8350827565418067,0.8595303966590225,0.7838930348258707,0.9241952232606438,0.3381294964028777,0.783893160663699,0.28157589803012745,0.9895645915797049,0.8474694589877836,0.8771289537712895,0.8403333333333334,0.89,0.5153508771929824,0.6456666666666667,0.7465437788018433,0.9166666666666666,0.8093333333333333,0.721
