accuracy,kappa,f1_micro,f1_macro,f1_weighted,recall_micro,recall_macro,recall_weighted,precision_micro,precision_macro,precision_weighted,gmean,precision_barley,precision_wheat,precision_fodder,precision_fallow,precision_misc.,precision_orchards,precision_cereals,precision_perm._meadows,precision_protein_crops,precision_rapeseed,precision_temp._meadows,recall_barley,recall_wheat,recall_fodder,recall_fallow,recall_misc.,recall_orchards,recall_cereals,recall_perm._meadows,recall_protein_crops,recall_rapeseed,recall_temp._meadows
0.537268296153983,0.4897809525987644,0.537268296153983,0.5031527138134818,0.5431566189344835,0.537268296153983,0.5531180076290432,0.537268296153983,0.537268296153983,0.5157569859889906,0.5749676764217041,0.7264448094988848,0.804501175680215,0.7302212791755077,0.5368383404864091,0.4496177901320361,0.5603242727706247,0.0910234899328859,0.5441176470588235,0.3579801623083859,0.26726279185295576,0.9706601466992665,0.36077974978178645,0.7983333333333333,0.803,0.5003333333333333,0.21566666666666667,0.39166666666666666,0.4758771929824561,0.4686666666666667,0.26466666666666666,0.82642089093702,0.9263333333333333,0.41333333333333333
