accuracy,kappa,f1_micro,f1_macro,f1_weighted,recall_micro,recall_macro,recall_weighted,precision_micro,precision_macro,precision_weighted,gmean,precision_barley,precision_corn,precision_orchards,precision_cereals,precision_protein_crops,precision_rapeseed,precision_temp._meadows,precision_vegetables,recall_barley,recall_corn,recall_orchards,recall_cereals,recall_protein_crops,recall_rapeseed,recall_temp._meadows,recall_vegetables
0.827654786204009,0.7993429299746897,0.8276547862040091,0.7634778783276264,0.840018622914706,0.827654786204009,0.808254577977201,0.827654786204009,0.827654786204009,0.760205775419533,0.8677338999289164,0.8881922527461075,0.9013978088401965,0.9516240497581202,0.3164021164021164,0.7625921375921376,0.3662068965517241,0.9826589595375722,0.8767951625094482,0.9239690721649485,0.7953333333333333,0.918,0.6557017543859649,0.8276666666666667,0.815668202764977,0.9633333333333334,0.7733333333333333,0.717
