accuracy,kappa,f1_micro,f1_macro,f1_weighted,recall_micro,recall_macro,recall_weighted,precision_micro,precision_macro,precision_weighted,gmean,precision_wheat,precision_corn,precision_orchards,precision_perm._meadows,precision_rapeseed,precision_temp._meadows,precision_vegetables,recall_wheat,recall_corn,recall_orchards,recall_perm._meadows,recall_rapeseed,recall_temp._meadows,recall_vegetables
0.7492956220199393,0.7058286092795827,0.7492956220199393,0.7005447689356761,0.7645157781662544,0.7492956220199393,0.7350350877192983,0.7492956220199393,0.7492956220199393,0.7165465706104508,0.7952666677060632,0.8397766405399814,0.9515358361774744,0.8765743073047859,0.14545454545454545,0.5477031802120141,0.9747134187457855,0.5907172995780591,0.9291274068004916,0.9293333333333333,0.928,0.631578947368421,0.5166666666666667,0.9636666666666667,0.42,0.756
