accuracy,kappa,f1_micro,f1_macro,f1_weighted,recall_micro,recall_macro,recall_weighted,precision_micro,precision_macro,precision_weighted,gmean,precision_wheat,precision_corn,precision_orchards,precision_perm._meadows,precision_rapeseed,precision_temp._meadows,precision_vegetables,recall_wheat,recall_corn,recall_orchards,recall_perm._meadows,recall_rapeseed,recall_temp._meadows,recall_vegetables
0.7871694841785869,0.7491390292881192,0.7871694841785869,0.7356219637996133,0.7958551503567615,0.7871694841785869,0.7680551378446115,0.7871694841785869,0.7871694841785869,0.7400382940940541,0.8150608608734681,0.8610186884722515,0.9637218676519986,0.9105949729557747,0.19577080491132332,0.5941644562334217,0.9811384304479622,0.5877106045589693,0.947166921898928,0.9563333333333334,0.954,0.6293859649122807,0.448,0.971,0.593,0.8246666666666667
