accuracy,kappa,f1_micro,f1_macro,f1_weighted,recall_micro,recall_macro,recall_weighted,precision_micro,precision_macro,precision_weighted,gmean,precision_barley,precision_wheat,precision_corn,precision_fodder,precision_misc.,precision_orchards,precision_cereals,precision_perm._meadows,precision_protein_crops,precision_rapeseed,precision_temp._meadows,precision_vegetables,recall_barley,recall_wheat,recall_corn,recall_fodder,recall_misc.,recall_orchards,recall_cereals,recall_perm._meadows,recall_protein_crops,recall_rapeseed,recall_temp._meadows,recall_vegetables
0.6213713955058346,0.5839532363833444,0.6213713955058346,0.577814519490211,0.6206281504321622,0.6213713955058346,0.6033631120812785,0.6213713955058346,0.6213713955058346,0.5756773154462912,0.6306022885751577,0.7632703472626887,0.7939632545931758,0.6603092783505154,0.8522834645669292,0.5632237146827235,0.5171294626758024,0.1239193083573487,0.5008417508417509,0.4389590508993494,0.33758503401360546,0.9745493107104984,0.4119437048307341,0.7334204508330611,0.8066666666666666,0.854,0.902,0.4053333333333333,0.478,0.37719298245614036,0.39666666666666667,0.38233333333333336,0.6098310291858678,0.919,0.361,0.7483333333333333
