accuracy,kappa,f1_micro,f1_macro,f1_weighted,recall_micro,recall_macro,recall_weighted,precision_micro,precision_macro,precision_weighted,gmean,precision_fallow,precision_misc.,precision_protein_crops,precision_rapeseed,recall_fallow,recall_misc.,recall_protein_crops,recall_rapeseed
0.7399233240078749,0.6374081965352141,0.7399233240078747,0.7274423516241985,0.742418580346506,0.7399233240078749,0.7718897849462365,0.7399233240078749,0.7399233240078749,0.7086510492477631,0.7527776845946001,0.8384839384826598,0.6609880749574105,0.667621776504298,0.5273542600896861,0.9786400854396582,0.6466666666666666,0.6213333333333333,0.9032258064516129,0.9163333333333333
