accuracy,kappa,f1_micro,f1_macro,f1_weighted,recall_micro,recall_macro,recall_weighted,precision_micro,precision_macro,precision_weighted,gmean,precision_barley,precision_wheat,precision_fodder,precision_fallow,precision_misc.,precision_orchards,precision_cereals,precision_perm._meadows,precision_protein_crops,precision_rapeseed,precision_temp._meadows,recall_barley,recall_wheat,recall_fodder,recall_fallow,recall_misc.,recall_orchards,recall_cereals,recall_perm._meadows,recall_protein_crops,recall_rapeseed,recall_temp._meadows
0.596008111858256,0.5521488005539454,0.596008111858256,0.5599811926980287,0.5983976999866896,0.596008111858256,0.5949140446423977,0.596008111858256,0.596008111858256,0.5547612131688562,0.609638278007791,0.7555562227730102,0.8521452145214522,0.8096828046744574,0.5875601629026287,0.4318975552968568,0.5394006659267481,0.12127814088598403,0.6158282601730215,0.4073581560283688,0.36759700476514634,0.969625379682754,0.4,0.8606666666666667,0.8083333333333333,0.529,0.371,0.486,0.36622807017543857,0.6406666666666667,0.30633333333333335,0.8294930875576036,0.9576666666666667,0.38866666666666666
