accuracy,kappa,f1_micro,f1_macro,f1_weighted,recall_micro,recall_macro,recall_weighted,precision_micro,precision_macro,precision_weighted,gmean,precision_barley,precision_wheat,precision_corn,precision_fodder,precision_fallow,precision_misc.,precision_orchards,precision_cereals,precision_perm._meadows,precision_protein_crops,precision_rapeseed,precision_temp._meadows,precision_vegetables,recall_barley,recall_wheat,recall_corn,recall_fodder,recall_fallow,recall_misc.,recall_orchards,recall_cereals,recall_perm._meadows,recall_protein_crops,recall_rapeseed,recall_temp._meadows,recall_vegetables
0.6052716451168382,0.5701948261588516,0.6052716451168382,0.5676382993795522,0.604191511941734,0.6052716451168382,0.5972459996144207,0.6052716451168382,0.6052716451168382,0.5741970275249636,0.6242822751370044,0.7600129418018582,0.7765798143156634,0.7427821522309711,0.846788990825688,0.5262626262626262,0.49002064693737096,0.48559670781893005,0.10211267605633803,0.5968992248062015,0.38023197175995965,0.35824345146379044,0.9680598029221883,0.35191803669287586,0.8390652557319224,0.8643333333333333,0.849,0.923,0.521,0.23733333333333334,0.43266666666666664,0.3815789473684211,0.5133333333333333,0.25133333333333335,0.7142857142857143,0.9496666666666667,0.49233333333333335,0.6343333333333333
