accuracy,kappa,f1_micro,f1_macro,f1_weighted,recall_micro,recall_macro,recall_weighted,precision_micro,precision_macro,precision_weighted,gmean,precision_wheat,precision_fodder,precision_misc.,precision_orchards,precision_protein_crops,precision_vegetables,recall_wheat,recall_fodder,recall_misc.,recall_orchards,recall_protein_crops,recall_vegetables
0.7047379262989243,0.6349155144436779,0.7047379262989243,0.6239701215630572,0.719055796037693,0.7047379262989243,0.6846435847683726,0.7047379262989243,0.7047379262989243,0.6318817992263193,0.7698980310281858,0.8032218664520457,0.8715235792019347,0.7769058295964125,0.7252408477842004,0.21587301587301588,0.31231925968768076,0.8894282632146709,0.961,0.693,0.6273333333333333,0.4473684210526316,0.8294930875576036,0.5496666666666666
