accuracy,kappa,f1_micro,f1_macro,f1_weighted,recall_micro,recall_macro,recall_weighted,precision_micro,precision_macro,precision_weighted,gmean,precision_wheat,precision_fodder,precision_misc.,precision_orchards,precision_protein_crops,precision_vegetables,recall_wheat,recall_fodder,recall_misc.,recall_orchards,recall_protein_crops,recall_vegetables
0.7149614709697109,0.643269662531887,0.7149614709697107,0.6259203951628171,0.7217250220463207,0.7149614709697109,0.6619018109790605,0.7149614709697109,0.7149614709697109,0.6259156833404047,0.7507134685390545,0.7899370763068333,0.8583832335329341,0.8040421792618629,0.6638036809815951,0.24262295081967214,0.3446777697320782,0.8419642857142857,0.9556666666666667,0.61,0.7213333333333334,0.32456140350877194,0.7311827956989247,0.6286666666666667
