accuracy,kappa,f1_micro,f1_macro,f1_weighted,recall_micro,recall_macro,recall_weighted,precision_micro,precision_macro,precision_weighted,gmean,precision_barley,precision_wheat,precision_corn,precision_fodder,precision_fallow,precision_misc.,precision_orchards,precision_cereals,precision_perm._meadows,precision_protein_crops,precision_rapeseed,precision_temp._meadows,precision_vegetables,recall_barley,recall_wheat,recall_corn,recall_fodder,recall_fallow,recall_misc.,recall_orchards,recall_cereals,recall_perm._meadows,recall_protein_crops,recall_rapeseed,recall_temp._meadows,recall_vegetables
0.6103145981763275,0.576559086658974,0.6103145981763275,0.5739669616943102,0.6160432621751535,0.6103145981763275,0.6089753104846485,0.6103145981763275,0.6103145981763275,0.5804167879273403,0.6370195036306189,0.7676680661344853,0.7747331987308913,0.8164874551971326,0.8871229322088875,0.5651995063759769,0.47118816930137686,0.48488918737407655,0.09269662921348315,0.6147914475990186,0.39584254754533393,0.2867647058823529,0.943078913324709,0.41178497587870433,0.80083857442348,0.8953333333333333,0.7593333333333333,0.9116666666666666,0.458,0.308,0.48133333333333334,0.4342105263157895,0.5846666666666667,0.29833333333333334,0.7788018433179723,0.972,0.3983333333333333,0.6366666666666667
