accuracy,kappa,f1_micro,f1_macro,f1_weighted,recall_micro,recall_macro,recall_weighted,precision_micro,precision_macro,precision_weighted,gmean,precision_barley,precision_wheat,precision_fallow,precision_misc.,precision_orchards,precision_perm._meadows,precision_protein_crops,precision_rapeseed,precision_vegetables,recall_barley,recall_wheat,recall_fallow,recall_misc.,recall_orchards,recall_perm._meadows,recall_protein_crops,recall_rapeseed,recall_vegetables
0.6500655900845886,0.5991186607929753,0.6500655900845886,0.582958459701038,0.6498476254279751,0.6500655900845886,0.599961471779808,0.6500655900845886,0.6500655900845886,0.5844879504901737,0.663273693230963,0.7572811011207949,0.6581175901282361,0.8578856152512998,0.42646456370340025,0.4681832154933907,0.1449814126394052,0.5617283950617284,0.31900826446280994,0.9695682944090588,0.8544542032622334,0.9066666666666666,0.825,0.347,0.5076666666666667,0.17105263157894737,0.455,0.5929339477726574,0.9133333333333333,0.681
