accuracy,kappa,f1_micro,f1_macro,f1_weighted,recall_micro,recall_macro,recall_weighted,precision_micro,precision_macro,precision_weighted,gmean,precision_barley,precision_wheat,precision_corn,precision_fodder,precision_fallow,precision_misc.,precision_orchards,precision_cereals,precision_perm._meadows,precision_protein_crops,precision_rapeseed,precision_temp._meadows,precision_vegetables,recall_barley,recall_wheat,recall_corn,recall_fodder,recall_fallow,recall_misc.,recall_orchards,recall_cereals,recall_perm._meadows,recall_protein_crops,recall_rapeseed,recall_temp._meadows,recall_vegetables
0.5973553815932213,0.5620122744696217,0.5973553815932213,0.5585127426795453,0.6002907675496207,0.5973553815932213,0.592886471762533,0.5973553815932213,0.5973553815932213,0.5669648904221074,0.6230960886428762,0.7570008912968341,0.8644194756554308,0.7275852191349184,0.8613138686131386,0.5735294117647058,0.42903053026245314,0.45161290322580644,0.11388455538221529,0.5744242007562737,0.3907584128578604,0.2426437301946582,0.9593413978494624,0.38173237090505274,0.8002674988854213,0.7693333333333333,0.8466666666666667,0.9046666666666666,0.429,0.267,0.5226666666666666,0.3201754385964912,0.557,0.25933333333333336,0.8233486943164362,0.9516666666666667,0.4583333333333333,0.5983333333333334
