accuracy,kappa,f1_micro,f1_macro,f1_weighted,recall_micro,recall_macro,recall_weighted,precision_micro,precision_macro,precision_weighted,gmean,precision_barley,precision_corn,precision_orchards,precision_cereals,precision_protein_crops,precision_rapeseed,precision_temp._meadows,precision_vegetables,recall_barley,recall_corn,recall_orchards,recall_cereals,recall_protein_crops,recall_rapeseed,recall_temp._meadows,recall_vegetables
0.8248809336892239,0.7953330614259143,0.8248809336892239,0.7575320250612503,0.8315989842866446,0.8248809336892239,0.7865522475543698,0.8248809336892239,0.8248809336892239,0.750112354978327,0.8473005927016825,0.8758269299549839,0.7682291666666666,0.9392602646759416,0.3187878787878788,0.8184414524683803,0.42670401493930904,0.986722571628232,0.869472182596291,0.8732813080639168,0.885,0.9226666666666666,0.5767543859649122,0.6686666666666666,0.7019969278033794,0.9413333333333334,0.8126666666666666,0.7833333333333333
