accuracy,kappa,f1_micro,f1_macro,f1_weighted,recall_micro,recall_macro,recall_weighted,precision_micro,precision_macro,precision_weighted,gmean,precision_barley,precision_wheat,precision_corn,precision_fodder,precision_misc.,precision_orchards,precision_cereals,precision_perm._meadows,precision_protein_crops,precision_rapeseed,precision_temp._meadows,precision_vegetables,recall_barley,recall_wheat,recall_corn,recall_fodder,recall_misc.,recall_orchards,recall_cereals,recall_perm._meadows,recall_protein_crops,recall_rapeseed,recall_temp._meadows,recall_vegetables
0.6410454238595814,0.6055317156251057,0.6410454238595814,0.5975352382044853,0.6445454631228615,0.6410454238595814,0.6194872665534804,0.6410454238595814,0.6410454238595814,0.6000724500954644,0.6602343141186009,0.7741249466473213,0.8787040695377322,0.724226072138597,0.9124087591240876,0.5942658557775847,0.5,0.12652068126520682,0.49315866084425036,0.49294354838709675,0.31623277182235837,0.9624790619765494,0.4297112462006079,0.7702186740715029,0.7413333333333333,0.85,0.875,0.456,0.57,0.34210526315789475,0.5646666666666667,0.326,0.6344086021505376,0.9576666666666667,0.377,0.7396666666666667
