accuracy,kappa,f1_micro,f1_macro,f1_weighted,recall_micro,recall_macro,recall_weighted,precision_micro,precision_macro,precision_weighted,gmean,precision_barley,precision_wheat,precision_corn,precision_fodder,precision_fallow,precision_misc.,precision_orchards,precision_cereals,precision_perm._meadows,precision_protein_crops,precision_rapeseed,precision_temp._meadows,precision_vegetables,recall_barley,recall_wheat,recall_corn,recall_fodder,recall_fallow,recall_misc.,recall_orchards,recall_cereals,recall_perm._meadows,recall_protein_crops,recall_rapeseed,recall_temp._meadows,recall_vegetables
0.6671064590846454,0.6370623741652532,0.6671064590846454,0.6288443757824669,0.6691263029573262,0.6671064590846454,0.6524829940857106,0.6671064590846454,0.6671064590846454,0.6258568970609246,0.6789747716054009,0.796477989334484,0.8923180140892318,0.7902587519025875,0.8868520859671302,0.5787965616045845,0.46086430945905105,0.5228013029315961,0.13981244671781756,0.7195691202872532,0.4609960334949317,0.38098918083462135,0.9674634794156707,0.4628732849071832,0.8725450901803607,0.8866666666666667,0.8653333333333333,0.9353333333333333,0.5386666666666666,0.5083333333333333,0.535,0.35964912280701755,0.668,0.3486666666666667,0.7572964669738863,0.9713333333333334,0.38233333333333336,0.7256666666666667
