accuracy,kappa,f1_micro,f1_macro,f1_weighted,recall_micro,recall_macro,recall_weighted,precision_micro,precision_macro,precision_weighted,gmean,precision_barley,precision_wheat,precision_corn,precision_fodder,precision_fallow,precision_misc.,precision_orchards,precision_cereals,precision_perm._meadows,precision_protein_crops,precision_rapeseed,precision_temp._meadows,precision_vegetables,recall_barley,recall_wheat,recall_corn,recall_fodder,recall_fallow,recall_misc.,recall_orchards,recall_cereals,recall_perm._meadows,recall_protein_crops,recall_rapeseed,recall_temp._meadows,recall_vegetables
0.6167062479842847,0.582303799037464,0.6167062479842847,0.5852543418007528,0.6255449843028686,0.6167062479842847,0.6029715790717489,0.6167062479842847,0.6167062479842847,0.5986542308965456,0.6532097509754198,0.7640049102962838,0.8297804645243398,0.8568212516884286,0.9202949438202247,0.6097328244274809,0.4384313725490196,0.4743351886209029,0.11662726556343578,0.5590029169981438,0.36265580057526364,0.3285612025769506,0.9723832253665189,0.44846678023850084,0.8654117647058823,0.8693333333333333,0.6343333333333333,0.8736666666666667,0.426,0.37266666666666665,0.5113333333333333,0.32456140350877194,0.7026666666666667,0.5043333333333333,0.7050691244239631,0.9506666666666667,0.351,0.613
