accuracy,kappa,f1_micro,f1_macro,f1_weighted,recall_micro,recall_macro,recall_weighted,precision_micro,precision_macro,precision_weighted,gmean,precision_barley,precision_corn,precision_orchards,precision_cereals,precision_protein_crops,precision_rapeseed,precision_temp._meadows,precision_vegetables,recall_barley,recall_corn,recall_orchards,recall_cereals,recall_protein_crops,recall_rapeseed,recall_temp._meadows,recall_vegetables
0.757261736536348,0.7197160476339088,0.757261736536348,0.696703279274856,0.7801745292487814,0.757261736536348,0.7505163412563667,0.757261736536348,0.757261736536348,0.7201509861192776,0.8392136526956685,0.8517756824331103,0.8789808917197452,0.8931497869550967,0.2922279792746114,0.741478231522106,0.21513002364066194,0.9772108843537415,0.8688653317628583,0.8941647597254004,0.69,0.9083333333333333,0.618421052631579,0.7323333333333333,0.8387096774193549,0.9576666666666667,0.7376666666666667,0.521
