accuracy,kappa,f1_micro,f1_macro,f1_weighted,recall_micro,recall_macro,recall_weighted,precision_micro,precision_macro,precision_weighted,gmean,precision_barley,precision_wheat,precision_fodder,precision_fallow,precision_misc.,precision_orchards,precision_cereals,precision_perm._meadows,precision_protein_crops,precision_rapeseed,precision_temp._meadows,recall_barley,recall_wheat,recall_fodder,recall_fallow,recall_misc.,recall_orchards,recall_cereals,recall_perm._meadows,recall_protein_crops,recall_rapeseed,recall_temp._meadows
0.5982495463763475,0.5548343195596176,0.5982495463763475,0.5643501167558023,0.60057517182864,0.5982495463763475,0.5981663469524251,0.5982495463763475,0.5982495463763475,0.5616776533632668,0.6140574750872957,0.757724589315117,0.8833971458405847,0.7777777777777778,0.5617161716171617,0.46636993076162214,0.5160087037612683,0.10672853828306264,0.6547915924474528,0.39812332439678283,0.4276422764227642,0.9821428571428571,0.40375586854460094,0.846,0.8516666666666667,0.5673333333333334,0.31433333333333335,0.5533333333333333,0.40350877192982454,0.6126666666666667,0.297,0.8079877112135176,0.9533333333333334,0.37266666666666665
