accuracy,kappa,f1_micro,f1_macro,f1_weighted,recall_micro,recall_macro,recall_weighted,precision_micro,precision_macro,precision_weighted,gmean,precision_barley,precision_wheat,precision_fallow,precision_misc.,precision_orchards,precision_perm._meadows,precision_protein_crops,precision_rapeseed,precision_vegetables,recall_barley,recall_wheat,recall_fallow,recall_misc.,recall_orchards,recall_perm._meadows,recall_protein_crops,recall_rapeseed,recall_vegetables
0.6892387026733614,0.6466091837957217,0.6892387026733614,0.6358639400089234,0.7013876806329072,0.6892387026733614,0.677385830166815,0.6892387026733614,0.6892387026733614,0.6444840191836768,0.7353353697679433,0.8070583034473425,0.8165806255693896,0.8997995991983968,0.4823200992555831,0.5472828412494651,0.13193943763518384,0.6633318834275772,0.3445532435740514,0.9855684618092221,0.9289799809342231,0.8963333333333333,0.898,0.5183333333333333,0.42633333333333334,0.40131578947368424,0.5083333333333333,0.8648233486943164,0.9333333333333333,0.6496666666666666
