accuracy,kappa,f1_micro,f1_macro,f1_weighted,recall_micro,recall_macro,recall_weighted,precision_micro,precision_macro,precision_weighted,gmean,precision_barley,precision_wheat,precision_corn,precision_fodder,precision_misc.,precision_orchards,precision_cereals,precision_perm._meadows,precision_protein_crops,precision_rapeseed,precision_temp._meadows,precision_vegetables,recall_barley,recall_wheat,recall_corn,recall_fodder,recall_misc.,recall_orchards,recall_cereals,recall_perm._meadows,recall_protein_crops,recall_rapeseed,recall_temp._meadows,recall_vegetables
0.6130452952711608,0.5761352456307359,0.6130452952711608,0.5658695400633148,0.612131146889138,0.6130452952711608,0.609655806182122,0.6130452952711608,0.6130452952711608,0.5932590662381544,0.6587479214695251,0.7670306480433712,0.8057233704292528,0.6342384887839433,0.8306257521058965,0.6020966271649955,0.5787476280834914,0.11697660467906419,0.5693877551020409,0.531934306569343,0.24183325207215992,0.9791159067177166,0.37386489479512736,0.854564208354822,0.8446666666666667,0.8953333333333333,0.9203333333333333,0.44033333333333335,0.4066666666666667,0.4276315789473684,0.372,0.19433333333333333,0.7619047619047619,0.9376666666666666,0.5626666666666666,0.5523333333333333
