accuracy,kappa,f1_micro,f1_macro,f1_weighted,recall_micro,recall_macro,recall_weighted,precision_micro,precision_macro,precision_weighted,gmean,precision_barley,precision_wheat,precision_corn,precision_fodder,precision_misc.,precision_orchards,precision_cereals,precision_perm._meadows,precision_protein_crops,precision_rapeseed,precision_temp._meadows,precision_vegetables,recall_barley,recall_wheat,recall_corn,recall_fodder,recall_misc.,recall_orchards,recall_cereals,recall_perm._meadows,recall_protein_crops,recall_rapeseed,recall_temp._meadows,recall_vegetables
0.5817340148519626,0.5378023872711577,0.5817340148519626,0.4986572520299062,0.5247836289897008,0.5817340148519626,0.537541407281645,0.5817340148519626,0.5817340148519626,0.683445095678867,0.7136836598170797,0.7189130352313249,0.9019103600293902,0.9719101123595506,0.9223471539002108,0.7773972602739726,0.8529411764705882,0.32919254658385094,0.3906846899794299,0.3140139365114478,0.6666666666666666,0.8997240110395585,0.5,0.6745532343317392,0.8183333333333334,0.173,0.875,0.30266666666666664,0.04833333333333333,0.1162280701754386,0.8863333333333333,0.9463333333333334,0.40860215053763443,0.978,0.004333333333333333,0.8933333333333333
