accuracy,kappa,f1_micro,f1_macro,f1_weighted,recall_micro,recall_macro,recall_weighted,precision_micro,precision_macro,precision_weighted,gmean,precision_wheat,precision_corn,precision_orchards,precision_perm._meadows,precision_rapeseed,precision_temp._meadows,precision_vegetables,recall_wheat,recall_corn,recall_orchards,recall_perm._meadows,recall_rapeseed,recall_temp._meadows,recall_vegetables
0.7812093628088427,0.7416225972619446,0.7812093628088427,0.7256843762773556,0.7856378944717586,0.7812093628088427,0.7524561403508773,0.7812093628088427,0.7812093628088427,0.7272385143420163,0.8001343303631526,0.8516792129667939,0.895173685828466,0.8981598984771574,0.1984,0.56951871657754,0.9742904841402337,0.6174345076784101,0.9376923076923077,0.9706666666666667,0.9436666666666667,0.543859649122807,0.568,0.9726666666666667,0.45566666666666666,0.8126666666666666
