accuracy,kappa,f1_micro,f1_macro,f1_weighted,recall_micro,recall_macro,recall_weighted,precision_micro,precision_macro,precision_weighted,gmean,precision_barley,precision_corn,precision_orchards,precision_cereals,precision_protein_crops,precision_rapeseed,precision_temp._meadows,precision_vegetables,recall_barley,recall_corn,recall_orchards,recall_cereals,recall_protein_crops,recall_rapeseed,recall_temp._meadows,recall_vegetables
0.8184435023813262,0.7890647270960599,0.8184435023813262,0.7532075908032384,0.8345552066882937,0.8184435023813262,0.8015353605788664,0.8184435023813262,0.8184435023813262,0.7536484440818865,0.8671307752283556,0.883996216220098,0.9240910906911706,0.9352542372881356,0.30145530145530147,0.7812184449680243,0.3203033838973162,0.9906380027739251,0.8813429988553987,0.8948840927258194,0.771,0.9196666666666666,0.6359649122807017,0.7736666666666666,0.8433179723502304,0.9523333333333334,0.77,0.7463333333333333
