accuracy,kappa,f1_micro,f1_macro,f1_weighted,recall_micro,recall_macro,recall_weighted,precision_micro,precision_macro,precision_weighted,gmean,precision_wheat,precision_corn,precision_fallow,precision_misc.,precision_orchards,precision_cereals,precision_perm._meadows,precision_protein_crops,precision_rapeseed,precision_vegetables,recall_wheat,recall_corn,recall_fallow,recall_misc.,recall_orchards,recall_cereals,recall_perm._meadows,recall_protein_crops,recall_rapeseed,recall_vegetables
0.6694945632692078,0.6277235994328396,0.6694945632692078,0.6120051835495037,0.670425392675796,0.6694945632692078,0.6315655833131215,0.6694945632692078,0.6694945632692078,0.6100877646617665,0.6812776011200936,0.7798993229684211,0.7244457241577886,0.8921407431765866,0.4761084804132587,0.4560975609756098,0.13679245283018868,0.6432272390821614,0.6210658833403273,0.3617693522906793,0.9649831649831649,0.8242470453678994,0.8386666666666667,0.9043333333333333,0.36866666666666664,0.561,0.19078947368421054,0.5793333333333334,0.49333333333333335,0.7035330261136713,0.9553333333333334,0.7206666666666667
