accuracy,kappa,f1_micro,f1_macro,f1_weighted,recall_micro,recall_macro,recall_weighted,precision_micro,precision_macro,precision_weighted,gmean,precision_fallow,precision_misc.,precision_protein_crops,precision_rapeseed,recall_fallow,recall_misc.,recall_protein_crops,recall_rapeseed
0.730183400683867,0.6243837490815928,0.730183400683867,0.7147010885745845,0.7351876288734686,0.730183400683867,0.7586440092165898,0.730183400683867,0.730183400683867,0.6992154798466649,0.749491543743645,0.8299137278909935,0.6667840789010215,0.6556603773584906,0.49265341400172863,0.9817640491254187,0.631,0.6486666666666666,0.8755760368663594,0.8793333333333333
