accuracy,kappa,f1_micro,f1_macro,f1_weighted,recall_micro,recall_macro,recall_weighted,precision_micro,precision_macro,precision_weighted,gmean,precision_barley,precision_wheat,precision_corn,precision_fodder,precision_misc.,precision_orchards,precision_cereals,precision_perm._meadows,precision_protein_crops,precision_rapeseed,precision_temp._meadows,precision_vegetables,recall_barley,recall_wheat,recall_corn,recall_fodder,recall_misc.,recall_orchards,recall_cereals,recall_perm._meadows,recall_protein_crops,recall_rapeseed,recall_temp._meadows,recall_vegetables
0.6185103031472016,0.5817296220593398,0.6185103031472016,0.5690968363397292,0.6183285099594742,0.6185103031472016,0.6058261244509122,0.6185103031472016,0.6185103031472016,0.5825986926228284,0.6461464881814355,0.7647906930502388,0.824260752688172,0.6868848097898377,0.8514267990074442,0.5233579206181946,0.5111464968152867,0.1646586345381526,0.5425084175084175,0.5283505154639175,0.19369202226345084,0.9740034662045061,0.39933774834437086,0.7915567282321899,0.8176666666666667,0.8606666666666667,0.915,0.49666666666666665,0.535,0.26973684210526316,0.42966666666666664,0.205,0.8018433179723502,0.9366666666666666,0.402,0.6
