accuracy,kappa,f1_micro,f1_macro,f1_weighted,recall_micro,recall_macro,recall_weighted,precision_micro,precision_macro,precision_weighted,gmean,precision_barley,precision_wheat,precision_fodder,precision_fallow,precision_misc.,precision_orchards,precision_cereals,precision_perm._meadows,precision_protein_crops,precision_rapeseed,precision_temp._meadows,recall_barley,recall_wheat,recall_fodder,recall_fallow,recall_misc.,recall_orchards,recall_cereals,recall_perm._meadows,recall_protein_crops,recall_rapeseed,recall_temp._meadows
0.6100971288291173,0.5673077502934378,0.6100971288291173,0.5813104441686995,0.6128320867438651,0.6100971288291173,0.6104651143989005,0.6100971288291173,0.6100971288291173,0.5752658069118463,0.6221812983148748,0.7658972669951927,0.8798109385550303,0.7824876237623762,0.6099537037037037,0.434465133260314,0.5530246452576549,0.1376210235131397,0.6496727523251808,0.39927583936800526,0.4878731343283582,0.9679037111334002,0.4258353708231459,0.8686666666666667,0.843,0.527,0.39666666666666667,0.49366666666666664,0.43640350877192985,0.6286666666666667,0.4043333333333333,0.8033794162826421,0.965,0.34833333333333333
