accuracy,kappa,f1_micro,f1_macro,f1_weighted,recall_micro,recall_macro,recall_weighted,precision_micro,precision_macro,precision_weighted,gmean,precision_fallow,precision_misc.,precision_protein_crops,precision_rapeseed,recall_fallow,recall_misc.,recall_protein_crops,recall_rapeseed
0.75028494456533,0.6509458894251008,0.75028494456533,0.7398368621640389,0.7498781743717836,0.75028494456533,0.7811251920122888,0.75028494456533,0.75028494456533,0.7249754495614312,0.7632497422207372,0.8448746580658856,0.7139784946236559,0.6388077147866744,0.5677233429394812,0.9793922458959133,0.5533333333333333,0.7286666666666667,0.9078341013824884,0.9346666666666666
