accuracy,kappa,f1_micro,f1_macro,f1_weighted,recall_micro,recall_macro,recall_weighted,precision_micro,precision_macro,precision_weighted,gmean,precision_barley,precision_wheat,precision_fodder,precision_fallow,precision_misc.,precision_orchards,precision_cereals,precision_perm._meadows,precision_protein_crops,precision_rapeseed,precision_temp._meadows,recall_barley,recall_wheat,recall_fodder,recall_fallow,recall_misc.,recall_orchards,recall_cereals,recall_perm._meadows,recall_protein_crops,recall_rapeseed,recall_temp._meadows
0.5950474970647881,0.5501521075203623,0.5950474970647881,0.5553358560330373,0.5900625481019105,0.5950474970647881,0.5885068242453642,0.5950474970647881,0.5950474970647881,0.5551965201224276,0.6059208099968297,0.7513667567425697,0.9285143769968051,0.7444998533294221,0.5993150684931506,0.4017195375037059,0.5347885402455662,0.16377171215880892,0.5704599056603774,0.4157303370786517,0.3721727210418095,0.974821367812181,0.4013683010262258,0.775,0.846,0.525,0.45166666666666666,0.5226666666666666,0.2894736842105263,0.645,0.16033333333333333,0.8341013824884793,0.955,0.4693333333333333
