accuracy,kappa,f1_micro,f1_macro,f1_weighted,recall_micro,recall_macro,recall_weighted,precision_micro,precision_macro,precision_weighted,gmean,precision_wheat,precision_corn,precision_orchards,precision_perm._meadows,precision_rapeseed,precision_temp._meadows,precision_vegetables,recall_wheat,recall_corn,recall_orchards,recall_perm._meadows,recall_rapeseed,recall_temp._meadows,recall_vegetables
0.7777958387516255,0.73738298409543,0.7777958387516254,0.7218793506271188,0.7787352432974757,0.7777958387516255,0.7499874686716792,0.7777958387516255,0.7777958387516255,0.7191828208705829,0.7886087655078715,0.8499710965876758,0.877989706327581,0.8611778846153846,0.21551724137931033,0.5846027171675586,0.9768766756032171,0.5946366109599689,0.9234789100410601,0.9666666666666667,0.9553333333333334,0.5482456140350878,0.47333333333333333,0.9716666666666667,0.51,0.8246666666666667
