accuracy,kappa,f1_micro,f1_macro,f1_weighted,recall_micro,recall_macro,recall_weighted,precision_micro,precision_macro,precision_weighted,gmean,precision_fodder,precision_orchards,precision_protein_crops,precision_temp._meadows,precision_vegetables,recall_fodder,recall_orchards,recall_protein_crops,recall_temp._meadows,recall_vegetables
0.6002770357178193,0.47864608001857,0.6002770357178193,0.5538864851102592,0.6115355858107981,0.6002770357178193,0.6467990945104697,0.6002770357178193,0.6002770357178193,0.5448423248845755,0.6597995571650627,0.7627403317748197,0.6296675191815857,0.27684117125110913,0.3404669260700389,0.6118286879673691,0.8654073199527745,0.4103333333333333,0.6842105263157895,0.8064516129032258,0.6,0.733
