accuracy,kappa,f1_micro,f1_macro,f1_weighted,recall_micro,recall_macro,recall_weighted,precision_micro,precision_macro,precision_weighted,gmean,precision_barley,precision_corn,precision_orchards,precision_cereals,precision_protein_crops,precision_rapeseed,precision_temp._meadows,precision_vegetables,recall_barley,recall_corn,recall_orchards,recall_cereals,recall_protein_crops,recall_rapeseed,recall_temp._meadows,recall_vegetables
0.8330454807138745,0.8053342719753417,0.8330454807138746,0.7648826357072805,0.8404215163003086,0.8330454807138745,0.805626920122888,0.8330454807138745,0.8330454807138745,0.7618002317601612,0.8658557291805158,0.8870370919845153,0.8906410695920466,0.8616766467065868,0.3341708542713568,0.8542658366898572,0.3785310734463277,0.9860259032038173,0.8564172028445648,0.9326732673267327,0.866,0.9593333333333334,0.5833333333333334,0.7776666666666666,0.8233486943164362,0.9643333333333334,0.843,0.628
