accuracy,kappa,f1_micro,f1_macro,f1_weighted,recall_micro,recall_macro,recall_weighted,precision_micro,precision_macro,precision_weighted,gmean,precision_wheat,precision_corn,precision_fallow,precision_misc.,precision_orchards,precision_cereals,precision_perm._meadows,precision_protein_crops,precision_rapeseed,precision_vegetables,recall_wheat,recall_corn,recall_fallow,recall_misc.,recall_orchards,recall_cereals,recall_perm._meadows,recall_protein_crops,recall_rapeseed,recall_vegetables
0.5774485203329749,0.5235020280382428,0.5774485203329749,0.4483581857776103,0.5010643218060516,0.5774485203329749,0.5351058371735792,0.5774485203329749,0.5774485203329749,0.5196497728692433,0.5968480476498967,0.7139451572195245,0.5592079207920793,0.740625,0.30246913580246915,0.6388888888888888,0.0,0.61875,0.3618403606470432,0.2573134328358209,0.9164301482182277,0.8009728415079044,0.9413333333333334,0.948,0.01633333333333333,0.015333333333333332,0.0,0.231,0.9096666666666666,0.6620583717357911,0.9686666666666667,0.6586666666666666
