accuracy,kappa,f1_micro,f1_macro,f1_weighted,recall_micro,recall_macro,recall_weighted,precision_micro,precision_macro,precision_weighted,gmean,precision_fodder,precision_orchards,precision_protein_crops,precision_temp._meadows,precision_vegetables,recall_fodder,recall_orchards,recall_protein_crops,recall_temp._meadows,recall_vegetables
0.6049272781240724,0.48364811640848404,0.6049272781240724,0.5600309909961908,0.6216748993708644,0.6049272781240724,0.6418609750181906,0.6049272781240724,0.6049272781240724,0.5525297852063975,0.667948569780533,0.7602465328607253,0.6327532351628737,0.22255192878338279,0.413290113452188,0.6058062259531305,0.8882474226804123,0.4726666666666667,0.6578947368421053,0.783410138248848,0.5773333333333334,0.718
