accuracy,kappa,f1_micro,f1_macro,f1_weighted,recall_micro,recall_macro,recall_weighted,precision_micro,precision_macro,precision_weighted,gmean,precision_barley,precision_corn,precision_orchards,precision_cereals,precision_protein_crops,precision_rapeseed,precision_temp._meadows,precision_vegetables,recall_barley,recall_corn,recall_orchards,recall_cereals,recall_protein_crops,recall_rapeseed,recall_temp._meadows,recall_vegetables
0.8386455225833465,0.8121331277346685,0.8386455225833465,0.7737063042629397,0.8503024035494422,0.8386455225833465,0.8176325693265422,0.8386455225833465,0.8386455225833465,0.769802381733225,0.8763594735005515,0.8940710752530361,0.9062829062829063,0.9142672274344872,0.36637390213299875,0.8351063829787234,0.33997509339975096,0.9897013388259527,0.8913043478260869,0.9154078549848943,0.8606666666666667,0.942,0.6403508771929824,0.785,0.8387096774193549,0.961,0.8063333333333333,0.707
