accuracy,kappa,f1_micro,f1_macro,f1_weighted,recall_micro,recall_macro,recall_weighted,precision_micro,precision_macro,precision_weighted,gmean,precision_wheat,precision_corn,precision_fallow,precision_misc.,precision_orchards,precision_cereals,precision_perm._meadows,precision_protein_crops,precision_rapeseed,precision_vegetables,recall_wheat,recall_corn,recall_fallow,recall_misc.,recall_orchards,recall_cereals,recall_perm._meadows,recall_protein_crops,recall_rapeseed,recall_vegetables
0.6644760425379376,0.6237681649025102,0.6644760425379376,0.6128593824585257,0.6738609060349742,0.6644760425379376,0.6478819306330342,0.6644760425379376,0.6644760425379376,0.6270486979583109,0.7090172501180214,0.7898400427925413,0.7858048162230672,0.8632691112492231,0.4617960426179604,0.4981738495252009,0.1411764705882353,0.7066715010877448,0.6268777913114089,0.2771442736737729,0.9774930747922438,0.9320800485142511,0.8266666666666667,0.926,0.5056666666666667,0.45466666666666666,0.2894736842105263,0.6496666666666666,0.5146666666666667,0.858678955453149,0.941,0.5123333333333333
