accuracy,kappa,f1_micro,f1_macro,f1_weighted,recall_micro,recall_macro,recall_weighted,precision_micro,precision_macro,precision_weighted,gmean,precision_barley,precision_wheat,precision_fallow,precision_misc.,precision_orchards,precision_perm._meadows,precision_protein_crops,precision_rapeseed,precision_vegetables,recall_barley,recall_wheat,recall_fallow,recall_misc.,recall_orchards,recall_perm._meadows,recall_protein_crops,recall_rapeseed,recall_vegetables
0.6730447369611435,0.6270345222343187,0.6730447369611435,0.618269646768933,0.6840830904961545,0.6730447369611435,0.6435891700577608,0.6730447369611435,0.6730447369611435,0.6213503584823307,0.7070049939184501,0.7857008042726086,0.8948537578674565,0.9214586255259467,0.41743725231175693,0.49259757738896365,0.11220825852782765,0.5130016958733747,0.3666421748714181,0.9787826086956521,0.8951712752785803,0.8056666666666666,0.876,0.316,0.488,0.2741228070175439,0.605,0.7665130568356375,0.938,0.723
