accuracy,kappa,f1_micro,f1_macro,f1_weighted,recall_micro,recall_macro,recall_weighted,precision_micro,precision_macro,precision_weighted,gmean,precision_wheat,precision_corn,precision_fallow,precision_misc.,precision_orchards,precision_cereals,precision_perm._meadows,precision_protein_crops,precision_rapeseed,precision_vegetables,recall_wheat,recall_corn,recall_fallow,recall_misc.,recall_orchards,recall_cereals,recall_perm._meadows,recall_protein_crops,recall_rapeseed,recall_vegetables
0.6557135460230215,0.614243133215135,0.6557135460230215,0.6029732427759406,0.6617805801260035,0.6557135460230215,0.6445408359608699,0.6557135460230215,0.6557135460230215,0.622336269634873,0.7037710406798342,0.7874220418904853,0.8148019457956914,0.883879338306844,0.5135746606334841,0.46463205932686824,0.14685314685314685,0.6387900355871886,0.5821515046696645,0.2668855534709193,0.972681281618887,0.9391131700860358,0.7816666666666666,0.9083333333333333,0.30266666666666664,0.543,0.3223684210526316,0.718,0.561,0.8740399385560675,0.9613333333333334,0.473
