accuracy,kappa,f1_micro,f1_macro,f1_weighted,recall_micro,recall_macro,recall_weighted,precision_micro,precision_macro,precision_weighted,gmean,precision_wheat,precision_corn,precision_orchards,precision_perm._meadows,precision_rapeseed,precision_temp._meadows,precision_vegetables,recall_wheat,recall_corn,recall_orchards,recall_perm._meadows,recall_rapeseed,recall_temp._meadows,recall_vegetables
0.7661465106198526,0.7254206254776592,0.7661465106198526,0.7124658453203919,0.773775288733017,0.7661465106198526,0.7572832080200502,0.7661465106198526,0.7661465106198526,0.7265191260901419,0.8037984827427004,0.8536073790769283,0.9683147632311978,0.8829588014981273,0.16587926509186351,0.6164298949969117,0.9803722504230118,0.5759179622891167,0.8957609451007644,0.927,0.943,0.6929824561403509,0.33266666666666667,0.9656666666666667,0.5803333333333334,0.8593333333333333
