accuracy,kappa,f1_micro,f1_macro,f1_weighted,recall_micro,recall_macro,recall_weighted,precision_micro,precision_macro,precision_weighted,gmean,precision_barley,precision_wheat,precision_corn,precision_fodder,precision_fallow,precision_misc.,precision_orchards,precision_cereals,precision_perm._meadows,precision_protein_crops,precision_rapeseed,precision_temp._meadows,precision_vegetables,recall_barley,recall_wheat,recall_corn,recall_fodder,recall_fallow,recall_misc.,recall_orchards,recall_cereals,recall_perm._meadows,recall_protein_crops,recall_rapeseed,recall_temp._meadows,recall_vegetables
0.607734482657519,0.5730451722725934,0.607734482657519,0.5714932062105433,0.6108690980335927,0.607734482657519,0.5993237000690311,0.607734482657519,0.607734482657519,0.5738817962245655,0.6263649425023053,0.7614276096052923,0.8089392508655965,0.7594813614262561,0.854314877822456,0.53220696937698,0.46110484780157834,0.45413397706698855,0.09619815668202765,0.6016851780926848,0.40081799591002043,0.32917532917532916,0.9672739541160594,0.3957853144550543,0.7993461381283203,0.8566666666666667,0.781,0.9206666666666666,0.504,0.27266666666666667,0.5016666666666667,0.36622807017543857,0.5236666666666666,0.32666666666666666,0.7296466973886329,0.9556666666666667,0.40066666666666667,0.652
