accuracy,kappa,f1_micro,f1_macro,f1_weighted,recall_micro,recall_macro,recall_weighted,precision_micro,precision_macro,precision_weighted,gmean,precision_barley,precision_wheat,precision_fodder,precision_fallow,precision_misc.,precision_orchards,precision_cereals,precision_perm._meadows,precision_protein_crops,precision_rapeseed,precision_temp._meadows,recall_barley,recall_wheat,recall_fodder,recall_fallow,recall_misc.,recall_orchards,recall_cereals,recall_perm._meadows,recall_protein_crops,recall_rapeseed,recall_temp._meadows
0.5326431138150639,0.4819757627264224,0.5326431138150639,0.5010543013579841,0.5342089689353041,0.5326431138150639,0.5266608750615541,0.5326431138150639,0.5326431138150639,0.5046718683647204,0.5505761827238144,0.7085216486687342,0.8226548672566372,0.6522781774580336,0.5141877143748051,0.4186202277294039,0.5012540308133285,0.09433962264150944,0.4522560335781742,0.34245682632779406,0.3997985901309164,0.9819254887495389,0.3716189729517836,0.7746666666666666,0.816,0.5496666666666666,0.20833333333333334,0.4663333333333333,0.38377192982456143,0.431,0.35033333333333333,0.6098310291858678,0.8873333333333333,0.316
