accuracy,kappa,f1_micro,f1_macro,f1_weighted,recall_micro,recall_macro,recall_weighted,precision_micro,precision_macro,precision_weighted,gmean,precision_barley,precision_wheat,precision_fodder,precision_fallow,precision_misc.,precision_orchards,precision_cereals,precision_perm._meadows,precision_protein_crops,precision_rapeseed,precision_temp._meadows,recall_barley,recall_wheat,recall_fodder,recall_fallow,recall_misc.,recall_orchards,recall_cereals,recall_perm._meadows,recall_protein_crops,recall_rapeseed,recall_temp._meadows
0.5617817625502544,0.5150986254405521,0.5617817625502544,0.5250085652276133,0.5608663330930332,0.5617817625502544,0.5649491691104594,0.5617817625502544,0.5617817625502544,0.5316957870752025,0.5848614335329791,0.735012777941635,0.7770149253731343,0.7328332371609925,0.5834001603849238,0.42102781706742104,0.5304630381803412,0.09481037924151696,0.6283629730962152,0.39741847826086957,0.36869436201780414,0.964273677114931,0.350354609929078,0.8676666666666667,0.8466666666666667,0.485,0.2976666666666667,0.43533333333333335,0.4166666666666667,0.4593333333333333,0.195,0.7634408602150538,0.9536666666666667,0.494
