accuracy,kappa,f1_micro,f1_macro,f1_weighted,recall_micro,recall_macro,recall_weighted,precision_micro,precision_macro,precision_weighted,gmean,precision_fodder,precision_orchards,precision_protein_crops,precision_temp._meadows,precision_vegetables,recall_fodder,recall_orchards,recall_protein_crops,recall_temp._meadows,recall_vegetables
0.619075887998417,0.503029757332051,0.619075887998417,0.5713314008411619,0.6331098579533906,0.619075887998417,0.6636403104535533,0.619075887998417,0.619075887998417,0.566289078771762,0.6883474160398433,0.774799318209196,0.6564659427443238,0.2618629173989455,0.3708086785009862,0.6311580294305822,0.9111498257839721,0.44333333333333336,0.6535087719298246,0.8663594470046083,0.6576666666666666,0.6973333333333334
