accuracy,kappa,f1_micro,f1_macro,f1_weighted,recall_micro,recall_macro,recall_weighted,precision_micro,precision_macro,precision_weighted,gmean,precision_fodder,precision_orchards,precision_protein_crops,precision_temp._meadows,precision_vegetables,recall_fodder,recall_orchards,recall_protein_crops,recall_temp._meadows,recall_vegetables
0.6261007222716929,0.5077551813881679,0.6261007222716929,0.5662970779927646,0.6348591366787403,0.6261007222716929,0.6395665777346592,0.6261007222716929,0.6261007222716929,0.5513823231223582,0.6675357134377105,0.7608797109714742,0.6294602012808783,0.2605210420841683,0.36661807580174927,0.6365341335333834,0.8637781629116118,0.45866666666666667,0.5701754385964912,0.7726574500768049,0.5656666666666667,0.8306666666666667
