accuracy,kappa,f1_micro,f1_macro,f1_weighted,recall_micro,recall_macro,recall_weighted,precision_micro,precision_macro,precision_weighted,gmean,precision_barley,precision_corn,precision_orchards,precision_cereals,precision_protein_crops,precision_rapeseed,precision_temp._meadows,precision_vegetables,recall_barley,recall_corn,recall_orchards,recall_cereals,recall_protein_crops,recall_rapeseed,recall_temp._meadows,recall_vegetables
0.8212696917360129,0.7924193843015819,0.8212696917360129,0.757642388401014,0.8366377170018157,0.8212696917360129,0.8121410481849786,0.8212696917360129,0.8212696917360129,0.7577684278376312,0.8708519407835038,0.8900207530965231,0.9262197540658469,0.9332886356017432,0.28462192013593884,0.7893707205738507,0.35036018336607727,0.9797775530839231,0.8959801077496892,0.9025285481239804,0.7783333333333333,0.928,0.7346491228070176,0.807,0.8218125960061444,0.969,0.7206666666666667,0.7376666666666667
