accuracy,kappa,f1_micro,f1_macro,f1_weighted,recall_micro,recall_macro,recall_weighted,precision_micro,precision_macro,precision_weighted,gmean,precision_barley,precision_wheat,precision_corn,precision_fodder,precision_misc.,precision_orchards,precision_cereals,precision_perm._meadows,precision_protein_crops,precision_rapeseed,precision_temp._meadows,precision_vegetables,recall_barley,recall_wheat,recall_corn,recall_fodder,recall_misc.,recall_orchards,recall_cereals,recall_perm._meadows,recall_protein_crops,recall_rapeseed,recall_temp._meadows,recall_vegetables
0.6045906066158743,0.5658317058437816,0.6045906066158743,0.5631130568587319,0.6096493330345905,0.6045906066158743,0.5879132643436549,0.6045906066158743,0.6045906066158743,0.5796454206271161,0.6417048672598126,0.7528548479921392,0.7430101130279595,0.6838842975206612,0.9082217973231358,0.6768627450980392,0.5028125,0.12844036697247707,0.4724191063174114,0.43965176098140085,0.24647490129723632,0.970679544670576,0.38927869772663487,0.7940092165898618,0.8326666666666667,0.7723333333333333,0.7916666666666666,0.2876666666666667,0.5363333333333333,0.30701754385964913,0.511,0.37033333333333335,0.6712749615975423,0.938,0.4623333333333333,0.5743333333333334
