accuracy,kappa,f1_micro,f1_macro,f1_weighted,recall_micro,recall_macro,recall_weighted,precision_micro,precision_macro,precision_weighted,gmean,precision_fodder,precision_orchards,precision_protein_crops,precision_temp._meadows,precision_vegetables,recall_fodder,recall_orchards,recall_protein_crops,recall_temp._meadows,recall_vegetables
0.5942416147224696,0.47553790292280196,0.5942416147224696,0.5497329616382725,0.6108504483743301,0.5942416147224696,0.6511776376424934,0.5942416147224696,0.5942416147224696,0.5517028014000652,0.6744275206467539,0.7653870294219385,0.6597300337457818,0.209085252022402,0.3947169811320755,0.6051546391752577,0.889827100924809,0.391,0.7368421052631579,0.8033794162826421,0.587,0.7376666666666667
