accuracy,kappa,f1_micro,f1_macro,f1_weighted,recall_micro,recall_macro,recall_weighted,precision_micro,precision_macro,precision_weighted,gmean,precision_wheat,precision_corn,precision_fallow,precision_misc.,precision_orchards,precision_cereals,precision_perm._meadows,precision_protein_crops,precision_rapeseed,precision_vegetables,recall_wheat,recall_corn,recall_fallow,recall_misc.,recall_orchards,recall_cereals,recall_perm._meadows,recall_protein_crops,recall_rapeseed,recall_vegetables
0.6802883657944,0.6410063038436399,0.6802883657944,0.6255504328215443,0.6848795542629328,0.6802883657944,0.6593657045840408,0.6802883657944,0.6802883657944,0.6317494881031159,0.7105178895630012,0.7974955599880804,0.811333114968883,0.8566656544184634,0.46231437377416645,0.5335305719921104,0.1445916114790287,0.6998357963875205,0.6186708860759493,0.3174418604651163,0.9639278557114228,0.9091831557584982,0.8256666666666667,0.9403333333333334,0.55,0.3606666666666667,0.28728070175438597,0.7103333333333334,0.5213333333333333,0.8387096774193549,0.962,0.5973333333333334
