accuracy,kappa,f1_micro,f1_macro,f1_weighted,recall_micro,recall_macro,recall_weighted,precision_micro,precision_macro,precision_weighted,gmean,precision_barley,precision_wheat,precision_corn,precision_fodder,precision_fallow,precision_misc.,precision_orchards,precision_cereals,precision_perm._meadows,precision_protein_crops,precision_rapeseed,precision_temp._meadows,precision_vegetables,recall_barley,recall_wheat,recall_corn,recall_fodder,recall_fallow,recall_misc.,recall_orchards,recall_cereals,recall_perm._meadows,recall_protein_crops,recall_rapeseed,recall_temp._meadows,recall_vegetables
0.6081156360864338,0.5734489152990656,0.6081156360864338,0.5723315134424504,0.6131376763640219,0.6081156360864338,0.602305969638737,0.6081156360864338,0.6081156360864338,0.5865303648529342,0.642908250020234,0.7633295558504869,0.8359269282814614,0.7795403043056005,0.8407318536292742,0.5433015199717215,0.4308466051969824,0.44015544041450777,0.12306501547987617,0.6442804428044281,0.38683602771362585,0.2698744769874477,0.9836123975774849,0.4462854088722608,0.9004383218534753,0.8236666666666667,0.8026666666666666,0.9343333333333333,0.5123333333333333,0.3426666666666667,0.5663333333333334,0.34868421052631576,0.582,0.44666666666666666,0.7926267281105991,0.9203333333333333,0.2783333333333333,0.47933333333333333
