accuracy,kappa,f1_micro,f1_macro,f1_weighted,recall_micro,recall_macro,recall_weighted,precision_micro,precision_macro,precision_weighted,gmean,precision_fallow,precision_misc.,precision_protein_crops,precision_rapeseed,recall_fallow,recall_misc.,recall_protein_crops,recall_rapeseed
0.7607501813283598,0.6644268174910084,0.7607501813283598,0.7488504407018248,0.759901076408859,0.7607501813283598,0.7805211213517664,0.7607501813283598,0.7607501813283598,0.7303158990038776,0.7634263666270561,0.8459972322344712,0.675929025778373,0.692250922509225,0.5942796610169492,0.9588039867109635,0.673,0.6253333333333333,0.8617511520737328,0.962
