accuracy,kappa,f1_micro,f1_macro,f1_weighted,recall_micro,recall_macro,recall_weighted,precision_micro,precision_macro,precision_weighted,gmean,precision_wheat,precision_fodder,precision_misc.,precision_orchards,precision_protein_crops,precision_vegetables,recall_wheat,recall_fodder,recall_misc.,recall_orchards,recall_protein_crops,recall_vegetables
0.7294575417715724,0.6589749287544215,0.7294575417715723,0.6322612422304554,0.7319644789440779,0.7294575417715724,0.6530450993074083,0.7294575417715724,0.7294575417715724,0.626823316560679,0.7449399588652609,0.7855060645121702,0.8561215370866846,0.7955706984667802,0.6694084150585258,0.21915285451197053,0.4092664092664093,0.8114199849737039,0.958,0.6226666666666667,0.7053333333333334,0.26096491228070173,0.6513056835637481,0.72
