accuracy,kappa,f1_micro,f1_macro,f1_weighted,recall_micro,recall_macro,recall_weighted,precision_micro,precision_macro,precision_weighted,gmean,precision_barley,precision_wheat,precision_corn,precision_fodder,precision_misc.,precision_orchards,precision_cereals,precision_perm._meadows,precision_protein_crops,precision_rapeseed,precision_temp._meadows,precision_vegetables,recall_barley,recall_wheat,recall_corn,recall_fodder,recall_misc.,recall_orchards,recall_cereals,recall_perm._meadows,recall_protein_crops,recall_rapeseed,recall_temp._meadows,recall_vegetables
0.6155206223679558,0.5790067785877829,0.6155206223679558,0.5757281816734696,0.624038901649107,0.6155206223679558,0.6122973697685072,0.6155206223679558,0.6155206223679558,0.5925281205327316,0.6582484992405279,0.7687948588184342,0.7959974176888315,0.6990318906605922,0.883462445267767,0.6264189886480909,0.6053459119496856,0.11445147679324895,0.4680011277135608,0.47012867647058826,0.23997944501541624,0.954515272244356,0.40773809523809523,0.8452666987025469,0.822,0.8183333333333334,0.8743333333333333,0.4046666666666667,0.385,0.4758771929824561,0.5533333333333333,0.341,0.717357910906298,0.9583333333333334,0.411,0.5863333333333334
