accuracy,kappa,f1_micro,f1_macro,f1_weighted,recall_micro,recall_macro,recall_weighted,precision_micro,precision_macro,precision_weighted,gmean,precision_fallow,precision_misc.,precision_protein_crops,precision_rapeseed,recall_fallow,recall_misc.,recall_protein_crops,recall_rapeseed
0.7706973370635167,0.6780598905781288,0.7706973370635167,0.7697424857082118,0.7719460016911339,0.7706973370635167,0.7990453149001536,0.7706973370635167,0.7706973370635167,0.7537484482080027,0.7788408177606283,0.8573720600545192,0.7098097724729578,0.6684129429892142,0.6506550218340611,0.9861160555357779,0.6343333333333333,0.723,0.9155145929339478,0.9233333333333333
