accuracy,kappa,f1_micro,f1_macro,f1_weighted,recall_micro,recall_macro,recall_weighted,precision_micro,precision_macro,precision_weighted,gmean,precision_barley,precision_wheat,precision_fallow,precision_misc.,precision_orchards,precision_perm._meadows,precision_protein_crops,precision_rapeseed,precision_vegetables,recall_barley,recall_wheat,recall_fallow,recall_misc.,recall_orchards,recall_perm._meadows,recall_protein_crops,recall_rapeseed,recall_vegetables
0.7002759307006831,0.6591937867069771,0.7002759307006831,0.6453096914581443,0.7146009919456972,0.7002759307006831,0.6867621203546501,0.7002759307006831,0.7002759307006831,0.6538828844537233,0.7485453949742498,0.8132273263643243,0.9227715626127752,0.9009038089089735,0.4983388704318937,0.5373134328358209,0.14076484947111473,0.6627348186981215,0.31870543060888645,0.9801573725624358,0.9232558139534883,0.8523333333333334,0.9303333333333333,0.5,0.504,0.3793859649122807,0.5056666666666667,0.8924731182795699,0.955,0.6616666666666666
