accuracy,kappa,f1_micro,f1_macro,f1_weighted,recall_micro,recall_macro,recall_weighted,precision_micro,precision_macro,precision_weighted,gmean,precision_barley,precision_wheat,precision_corn,precision_fodder,precision_fallow,precision_misc.,precision_orchards,precision_cereals,precision_perm._meadows,precision_protein_crops,precision_rapeseed,precision_temp._meadows,precision_vegetables,recall_barley,recall_wheat,recall_corn,recall_fodder,recall_fallow,recall_misc.,recall_orchards,recall_cereals,recall_perm._meadows,recall_protein_crops,recall_rapeseed,recall_temp._meadows,recall_vegetables
0.6391356613011991,0.6075943252989832,0.6391356613011991,0.60398270502523,0.6456506944330493,0.6391356613011991,0.6374784231049087,0.6391356613011991,0.6391356613011991,0.614124860363857,0.6716696400931698,0.786388773916548,0.8432905849233656,0.8451590353023418,0.8659166920036485,0.6123569794050343,0.47058823529411764,0.5098828696925329,0.10578842315369262,0.6551071878940732,0.4419475655430712,0.32912192040429566,0.9720632783574554,0.4266627078384798,0.9057377049180327,0.8986666666666666,0.806,0.9493333333333334,0.446,0.45866666666666667,0.4643333333333333,0.4649122807017544,0.6926666666666667,0.2753333333333333,0.8003072196620584,0.9626666666666667,0.479,0.5893333333333334
