accuracy,kappa,f1_micro,f1_macro,f1_weighted,recall_micro,recall_macro,recall_weighted,precision_micro,precision_macro,precision_weighted,gmean,precision_wheat,precision_corn,precision_fallow,precision_misc.,precision_orchards,precision_cereals,precision_perm._meadows,precision_protein_crops,precision_rapeseed,precision_vegetables,recall_wheat,recall_corn,recall_fallow,recall_misc.,recall_orchards,recall_cereals,recall_perm._meadows,recall_protein_crops,recall_rapeseed,recall_vegetables
0.6194686740749592,0.5729607472867781,0.6194686740749592,0.570267625314122,0.6318241733468032,0.6194686740749592,0.5958543051176328,0.6194686740749592,0.6194686740749592,0.5788970845611554,0.656499390243771,0.7554336295900802,0.7674813306177868,0.9027928908233587,0.3845060412224591,0.4277491669191154,0.12213740458015267,0.6275778406793369,0.5355019237495627,0.24413145539906103,0.9750181028240406,0.8020746887966805,0.7536666666666667,0.8296666666666667,0.3606666666666667,0.4706666666666667,0.17543859649122806,0.5173333333333333,0.5103333333333333,0.7987711213517665,0.8976666666666666,0.6443333333333333
