accuracy,kappa,f1_micro,f1_macro,f1_weighted,recall_micro,recall_macro,recall_weighted,precision_micro,precision_macro,precision_weighted,gmean,precision_wheat,precision_corn,precision_fallow,precision_misc.,precision_orchards,precision_cereals,precision_perm._meadows,precision_protein_crops,precision_rapeseed,precision_vegetables,recall_wheat,recall_corn,recall_fallow,recall_misc.,recall_orchards,recall_cereals,recall_perm._meadows,recall_protein_crops,recall_rapeseed,recall_vegetables
0.6451985502051221,0.6015981380600353,0.6451985502051221,0.5988889375165638,0.6595121898827304,0.6451985502051221,0.6204518796992481,0.6451985502051221,0.6451985502051221,0.6068552931610133,0.6854111030195708,0.77201654309822,0.8132827324478178,0.9157706093189965,0.4129032258064516,0.45641646489104115,0.11914893617021277,0.6285994764397905,0.5788584937521107,0.29541393686718287,0.9875424688561721,0.860616587060356,0.7143333333333334,0.8516666666666667,0.384,0.5026666666666667,0.24561403508771928,0.6403333333333333,0.5713333333333334,0.7619047619047619,0.872,0.6606666666666666
