accuracy,kappa,f1_micro,f1_macro,f1_weighted,recall_micro,recall_macro,recall_weighted,precision_micro,precision_macro,precision_weighted,gmean,precision_wheat,precision_corn,precision_fallow,precision_misc.,precision_orchards,precision_cereals,precision_perm._meadows,precision_protein_crops,precision_rapeseed,precision_vegetables,recall_wheat,recall_corn,recall_fallow,recall_misc.,recall_orchards,recall_cereals,recall_perm._meadows,recall_protein_crops,recall_rapeseed,recall_vegetables
0.6701716652726332,0.629203730431379,0.6701716652726332,0.6172739653534453,0.6742338912490431,0.6701716652726332,0.6431467539817286,0.6701716652726332,0.6701716652726332,0.6150422069780848,0.688186497251592,0.7871176888402325,0.763007614213198,0.8269734925720944,0.4790132547864507,0.5118230358504958,0.13566289825282632,0.6612389380530973,0.5815602836879432,0.3524229074889868,0.9769204271443335,0.8617992177314211,0.8016666666666666,0.9463333333333334,0.43366666666666664,0.44733333333333336,0.2894736842105263,0.6226666666666667,0.5466666666666666,0.7373271889400922,0.9453333333333334,0.661
