accuracy,kappa,f1_micro,f1_macro,f1_weighted,recall_micro,recall_macro,recall_weighted,precision_micro,precision_macro,precision_weighted,gmean,precision_wheat,precision_fodder,precision_misc.,precision_orchards,precision_protein_crops,precision_vegetables,recall_wheat,recall_fodder,recall_misc.,recall_orchards,recall_protein_crops,recall_vegetables
0.7038223849851225,0.631885878674989,0.7038223849851225,0.6133877332418146,0.7153143018867543,0.7038223849851225,0.660695825585469,0.7038223849851225,0.7038223849851225,0.617898069312451,0.7530597231181992,0.7886847152994949,0.8607860786078608,0.7943051423714407,0.703886925795053,0.21484992101105846,0.30022701475595914,0.8333333333333334,0.9563333333333334,0.623,0.664,0.2982456140350877,0.8125960061443932,0.61
