accuracy,kappa,f1_micro,f1_macro,f1_weighted,recall_micro,recall_macro,recall_weighted,precision_micro,precision_macro,precision_weighted,gmean,precision_fallow,precision_misc.,precision_protein_crops,precision_rapeseed,recall_fallow,recall_misc.,recall_protein_crops,recall_rapeseed
0.7598176354781888,0.6634759409860838,0.7598176354781888,0.7518958190300323,0.7611568970029813,0.7598176354781888,0.7854842549923196,0.7598176354781888,0.7598176354781888,0.737564347327148,0.7721462715676181,0.8485760912685327,0.7146282973621103,0.6537666174298375,0.5954825462012321,0.9863799283154122,0.596,0.7376666666666667,0.890937019969278,0.9173333333333333
