accuracy,kappa,f1_micro,f1_macro,f1_weighted,recall_micro,recall_macro,recall_weighted,precision_micro,precision_macro,precision_weighted,gmean,precision_fodder,precision_orchards,precision_protein_crops,precision_temp._meadows,precision_vegetables,recall_fodder,recall_orchards,recall_protein_crops,recall_temp._meadows,recall_vegetables
0.5666369842683289,0.4446215260899977,0.5666369842683289,0.5283269207098856,0.5903089242452333,0.5666369842683289,0.6377810008893201,0.5666369842683289,0.5666369842683289,0.5347570658024238,0.6628449342704686,0.7549402701904376,0.5955249569707401,0.20945083014048532,0.33594692400482506,0.6268161062681611,0.906046511627907,0.4613333333333333,0.7192982456140351,0.8556067588325653,0.5033333333333333,0.6493333333333333
