accuracy,kappa,f1_micro,f1_macro,f1_weighted,recall_micro,recall_macro,recall_weighted,precision_micro,precision_macro,precision_weighted,gmean,precision_fodder,precision_orchards,precision_protein_crops,precision_temp._meadows,precision_vegetables,recall_fodder,recall_orchards,recall_protein_crops,recall_temp._meadows,recall_vegetables
0.6453942811912536,0.5089433985146168,0.6453942811912536,0.5510851500121009,0.6039498940303396,0.6453942811912536,0.5593840407470289,0.6453942811912536,0.6453942811912536,0.62546459303934,0.6683073300242723,0.710192785881076,0.7102212855637513,0.47843137254901963,0.6003649635036497,0.5440582053354891,0.7942471382447901,0.22466666666666665,0.2675438596491228,0.5053763440860215,0.8973333333333333,0.902
