accuracy,kappa,f1_micro,f1_macro,f1_weighted,recall_micro,recall_macro,recall_weighted,precision_micro,precision_macro,precision_weighted,gmean,precision_fallow,precision_misc.,precision_protein_crops,precision_rapeseed,recall_fallow,recall_misc.,recall_protein_crops,recall_rapeseed
0.7395088591855766,0.6348531947429943,0.7395088591855766,0.7323577010805555,0.7393878473940438,0.7395088591855766,0.765241935483871,0.7395088591855766,0.7395088591855766,0.7229553636922201,0.7553134308380893,0.834198268205221,0.7005724350506385,0.6200383246646591,0.5900104058272633,0.9812002892263196,0.5303333333333333,0.755,0.8709677419354839,0.9046666666666666
