accuracy,kappa,f1_micro,f1_macro,f1_weighted,recall_micro,recall_macro,recall_weighted,precision_micro,precision_macro,precision_weighted,gmean,precision_barley,precision_wheat,precision_fodder,precision_fallow,precision_misc.,precision_orchards,precision_cereals,precision_perm._meadows,precision_protein_crops,precision_rapeseed,precision_temp._meadows,recall_barley,recall_wheat,recall_fodder,recall_fallow,recall_misc.,recall_orchards,recall_cereals,recall_perm._meadows,recall_protein_crops,recall_rapeseed,recall_temp._meadows
0.5517842530330522,0.49988008714605225,0.5517842530330522,0.47124952671973674,0.49285929394510697,0.5517842530330522,0.5262733667012105,0.5517842530330522,0.5517842530330522,0.5681644714391478,0.5833419631341631,0.7087645794658767,0.6906334067009049,0.7144797609345287,0.5478841870824054,0.5,0.4807297019527235,0.45588235294117646,0.8056569343065694,0.3333333333333333,0.5081610446137106,0.9477272727272728,0.26532119123800146,0.9413333333333334,0.8766666666666667,0.574,0.0016666666666666668,0.6236666666666667,0.06798245614035088,0.29433333333333334,0.0003333333333333333,0.717357910906298,0.973,0.7186666666666667
