accuracy,kappa,f1_micro,f1_macro,f1_weighted,recall_micro,recall_macro,recall_weighted,precision_micro,precision_macro,precision_weighted,gmean,precision_fallow,precision_misc.,precision_protein_crops,precision_rapeseed,recall_fallow,recall_misc.,recall_protein_crops,recall_rapeseed
0.7309087141228888,0.623011067332008,0.7309087141228888,0.7240479907346327,0.7322334197517808,0.7309087141228888,0.7568218125960062,0.7309087141228888,0.7309087141228888,0.7094423921745812,0.7421088735725105,0.828265973579691,0.6644268774703558,0.6188340807174888,0.5752302968270215,0.9792783136834584,0.5603333333333333,0.69,0.8632872503840245,0.9136666666666666
