accuracy,kappa,f1_micro,f1_macro,f1_weighted,recall_micro,recall_macro,recall_weighted,precision_micro,precision_macro,precision_weighted,gmean,precision_barley,precision_wheat,precision_corn,precision_fodder,precision_fallow,precision_misc.,precision_orchards,precision_cereals,precision_perm._meadows,precision_protein_crops,precision_rapeseed,precision_temp._meadows,precision_vegetables,recall_barley,recall_wheat,recall_corn,recall_fodder,recall_fallow,recall_misc.,recall_orchards,recall_cereals,recall_perm._meadows,recall_protein_crops,recall_rapeseed,recall_temp._meadows,recall_vegetables
0.6137742985310933,0.579879525966448,0.6137742985310933,0.5777885410751367,0.6207745929595849,0.6137742985310933,0.6096096879916915,0.6137742985310933,0.6137742985310933,0.5897633110690724,0.6481264496003577,0.7681516078680286,0.9031192660550459,0.7719353816914792,0.8660049627791563,0.5412277515437705,0.43456435998565796,0.48453261600537995,0.1149090909090909,0.5796661608497724,0.4010416666666667,0.2566162570888469,0.9769647696476965,0.4466257668711656,0.8897149938042132,0.8203333333333334,0.8123333333333334,0.9306666666666666,0.49666666666666665,0.404,0.48033333333333333,0.34649122807017546,0.6366666666666667,0.35933333333333334,0.8341013824884793,0.9613333333333334,0.364,0.4786666666666667
