accuracy,kappa,f1_micro,f1_macro,f1_weighted,recall_micro,recall_macro,recall_weighted,precision_micro,precision_macro,precision_weighted,gmean,precision_barley,precision_wheat,precision_fallow,precision_misc.,precision_orchards,precision_perm._meadows,precision_protein_crops,precision_rapeseed,precision_vegetables,recall_barley,recall_wheat,recall_fallow,recall_misc.,recall_orchards,recall_perm._meadows,recall_protein_crops,recall_rapeseed,recall_vegetables
0.6967928710363234,0.6548293551790436,0.6967928710363234,0.6414615468477493,0.7082821729183237,0.6967928710363234,0.680665894125996,0.6967928710363234,0.6967928710363234,0.6485804379419478,0.7399835560858075,0.8093702563813616,0.8838731909028257,0.8882807469414037,0.5155400155400155,0.5054685190659178,0.14610673665791776,0.6591710758377425,0.3325499412455934,0.9791950886766713,0.927038626609442,0.855,0.9196666666666666,0.44233333333333336,0.57,0.36622807017543857,0.49833333333333335,0.869431643625192,0.957,0.648
