accuracy,kappa,f1_micro,f1_macro,f1_weighted,recall_micro,recall_macro,recall_weighted,precision_micro,precision_macro,precision_weighted,gmean,precision_wheat,precision_fodder,precision_misc.,precision_orchards,precision_protein_crops,precision_vegetables,recall_wheat,recall_fodder,recall_misc.,recall_orchards,recall_protein_crops,recall_vegetables
0.6853589684901198,0.6105838425335173,0.6853589684901198,0.5983311036393167,0.701095664074085,0.6853589684901198,0.6484926698466597,0.6853589684901198,0.6853589684901198,0.6050552946287598,0.7443017153320134,0.7800284691441849,0.8631062001227747,0.8037857802400739,0.7030780780780781,0.18641975308641975,0.28147333699835075,0.792468619246862,0.9373333333333334,0.5803333333333334,0.6243333333333333,0.33114035087719296,0.7864823348694316,0.6313333333333333
