accuracy,kappa,f1_micro,f1_macro,f1_weighted,recall_micro,recall_macro,recall_weighted,precision_micro,precision_macro,precision_weighted,gmean,precision_fodder,precision_orchards,precision_protein_crops,precision_temp._meadows,precision_vegetables,recall_fodder,recall_orchards,recall_protein_crops,recall_temp._meadows,recall_vegetables
0.556742851489067,0.4246700789499003,0.556742851489067,0.5075153819303149,0.5563362694186014,0.556742851489067,0.6077697307785593,0.556742851489067,0.556742851489067,0.5241729012343299,0.6388834571213216,0.7347918756423102,0.6271860095389508,0.28202368137782563,0.2928608650338718,0.5594332196273943,0.8593607305936073,0.263,0.5745614035087719,0.8632872503840245,0.7106666666666667,0.6273333333333333
