accuracy,kappa,f1_micro,f1_macro,f1_weighted,recall_micro,recall_macro,recall_weighted,precision_micro,precision_macro,precision_weighted,gmean,precision_fallow,precision_misc.,precision_protein_crops,precision_rapeseed,recall_fallow,recall_misc.,recall_protein_crops,recall_rapeseed
0.7494560149207335,0.6488464039727224,0.7494560149207334,0.7416246360736942,0.7498279652150318,0.7494560149207335,0.7747453917050691,0.7494560149207335,0.7494560149207335,0.725099579276739,0.7573136804019489,0.8410213700775742,0.6893052302888368,0.6451016635859519,0.5927461139896373,0.9732453092425295,0.5886666666666667,0.698,0.8786482334869432,0.9336666666666666
