accuracy,kappa,f1_micro,f1_macro,f1_weighted,recall_micro,recall_macro,recall_weighted,precision_micro,precision_macro,precision_weighted,gmean,precision_barley,precision_wheat,precision_corn,precision_fodder,precision_misc.,precision_orchards,precision_cereals,precision_perm._meadows,precision_protein_crops,precision_rapeseed,precision_temp._meadows,precision_vegetables,recall_barley,recall_wheat,recall_corn,recall_fodder,recall_misc.,recall_orchards,recall_cereals,recall_perm._meadows,recall_protein_crops,recall_rapeseed,recall_temp._meadows,recall_vegetables
0.6490179059375704,0.6161372772096491,0.6490179059375704,0.6117935696121579,0.6626904329099198,0.6490179059375704,0.6500828751987496,0.6490179059375704,0.6490179059375704,0.627662864947536,0.6966646473276782,0.7934624479837349,0.8883834849545137,0.8066225165562914,0.8817921830314586,0.5605048255382331,0.5863874345549738,0.1026677445432498,0.6373124592302675,0.5045226130653266,0.2824730572887124,0.9791879904469465,0.4326988443235894,0.8694012258368694,0.8463333333333334,0.812,0.925,0.5033333333333333,0.4106666666666667,0.5570175438596491,0.6513333333333333,0.33466666666666667,0.7649769585253456,0.9566666666666667,0.42433333333333334,0.6146666666666667
