accuracy,kappa,f1_micro,f1_macro,f1_weighted,recall_micro,recall_macro,recall_weighted,precision_micro,precision_macro,precision_weighted,gmean,precision_barley,precision_wheat,precision_corn,precision_fodder,precision_fallow,precision_misc.,precision_orchards,precision_cereals,precision_perm._meadows,precision_protein_crops,precision_rapeseed,precision_temp._meadows,precision_vegetables,recall_barley,recall_wheat,recall_corn,recall_fodder,recall_fallow,recall_misc.,recall_orchards,recall_cereals,recall_perm._meadows,recall_protein_crops,recall_rapeseed,recall_temp._meadows,recall_vegetables
0.5022429413316915,0.4574179896503173,0.5022429413316915,0.4118056261523504,0.44798464098735574,0.5022429413316915,0.4862567398645497,0.5022429413316915,0.5022429413316915,0.5450263198034855,0.5960732502642173,0.6826592383480116,0.7159372419488026,0.95,0.723811957077159,0.6435582822085889,0.4113082039911308,0.385935537881959,0.1875,0.3982284206558613,0.2958422174840085,0.19104134762633998,0.9597855227882037,0.3333333333333333,0.889060092449923,0.867,0.050666666666666665,0.9443333333333334,0.3496666666666667,0.12366666666666666,0.6146666666666667,0.013157894736842105,0.7043333333333334,0.74,0.7665130568356375,0.9546666666666667,0.0003333333333333333,0.19233333333333333
