accuracy,kappa,f1_micro,f1_macro,f1_weighted,recall_micro,recall_macro,recall_weighted,precision_micro,precision_macro,precision_weighted,gmean,precision_wheat,precision_fodder,precision_misc.,precision_orchards,precision_protein_crops,precision_vegetables,recall_wheat,recall_fodder,recall_misc.,recall_orchards,recall_protein_crops,recall_vegetables
0.6389715419241626,0.5606282086947725,0.6389715419241626,0.5666341427476456,0.6609450341812594,0.6389715419241626,0.6409889643463499,0.6389715419241626,0.6389715419241626,0.6047974884985484,0.7522202420169055,0.7725118649870665,0.8845419847328244,0.6955810147299509,0.8115412710007305,0.1339046598821639,0.29218843172331543,0.8110275689223058,0.927,0.7083333333333334,0.37033333333333335,0.5482456140350878,0.7526881720430108,0.5393333333333333
