accuracy,kappa,f1_micro,f1_macro,f1_weighted,recall_micro,recall_macro,recall_weighted,precision_micro,precision_macro,precision_weighted,gmean,precision_wheat,precision_corn,precision_fallow,precision_misc.,precision_orchards,precision_cereals,precision_perm._meadows,precision_protein_crops,precision_rapeseed,precision_vegetables,recall_wheat,recall_corn,recall_fallow,recall_misc.,recall_orchards,recall_cereals,recall_perm._meadows,recall_protein_crops,recall_rapeseed,recall_vegetables
0.677181662484566,0.6376072956185563,0.677181662484566,0.627739620729556,0.6863951176199679,0.677181662484566,0.6584837901204624,0.677181662484566,0.677181662484566,0.6344913174891247,0.7132308091909083,0.7968255496250249,0.7765567765567766,0.9149797570850202,0.4843976777939042,0.48672830301222786,0.1442495126705653,0.7185321100917431,0.609697933227345,0.3238326258338387,0.9828296703296703,0.9031088082901555,0.848,0.904,0.445,0.544,0.32456140350877194,0.6526666666666666,0.5113333333333333,0.8202764976958525,0.954,0.581
