accuracy,kappa,f1_micro,f1_macro,f1_weighted,recall_micro,recall_macro,recall_weighted,precision_micro,precision_macro,precision_weighted,gmean,precision_barley,precision_wheat,precision_fallow,precision_misc.,precision_orchards,precision_perm._meadows,precision_protein_crops,precision_rapeseed,precision_vegetables,recall_barley,recall_wheat,recall_fallow,recall_misc.,recall_orchards,recall_perm._meadows,recall_protein_crops,recall_rapeseed,recall_vegetables
0.6473967521599493,0.5949973181544015,0.6473967521599493,0.5557070989674251,0.607054063005603,0.6473967521599493,0.5983201372607145,0.6473967521599493,0.6473967521599493,0.6025024905292266,0.6708828508981008,0.755984394579345,0.9639115250291036,0.6545248868778281,0.4305555555555556,0.5551146384479718,0.14156626506024098,0.4064647095565272,0.4581589958158996,0.9566512243547319,0.8555746140651801,0.552,0.9643333333333334,0.010333333333333333,0.4196666666666667,0.10307017543859649,0.8676666666666667,0.6728110599078341,0.9636666666666667,0.8313333333333334
