accuracy,kappa,f1_micro,f1_macro,f1_weighted,recall_micro,recall_macro,recall_weighted,precision_micro,precision_macro,precision_weighted,gmean,precision_barley,precision_wheat,precision_corn,precision_fodder,precision_fallow,precision_misc.,precision_orchards,precision_cereals,precision_perm._meadows,precision_protein_crops,precision_rapeseed,precision_temp._meadows,precision_vegetables,recall_barley,recall_wheat,recall_corn,recall_fodder,recall_fallow,recall_misc.,recall_orchards,recall_cereals,recall_perm._meadows,recall_protein_crops,recall_rapeseed,recall_temp._meadows,recall_vegetables
0.5843668455155833,0.5447232133153942,0.5843668455155833,0.5190307571553604,0.557810175131881,0.5843668455155833,0.5370075187969924,0.5843668455155833,0.5843668455155833,0.6923091399174754,0.6729677767428592,0.7198591951374013,0.8939767523775978,0.6455960957471532,0.8428152492668621,0.7597276264591439,0.5714285714285714,0.6194251734390486,1.0,0.6809954751131222,0.30384425825529815,0.6399082568807339,0.9778085991678225,0.2581294354411609,0.8063633253506671,0.846,0.926,0.958,0.26033333333333336,0.0013333333333333333,0.20833333333333334,0.0021929824561403508,0.4013333333333333,0.411,0.42857142857142855,0.94,0.8123333333333334,0.7856666666666666
