accuracy,kappa,f1_micro,f1_macro,f1_weighted,recall_micro,recall_macro,recall_weighted,precision_micro,precision_macro,precision_weighted,gmean,precision_barley,precision_wheat,precision_corn,precision_fodder,precision_fallow,precision_misc.,precision_orchards,precision_cereals,precision_perm._meadows,precision_protein_crops,precision_rapeseed,precision_temp._meadows,precision_vegetables,recall_barley,recall_wheat,recall_corn,recall_fodder,recall_fallow,recall_misc.,recall_orchards,recall_cereals,recall_perm._meadows,recall_protein_crops,recall_rapeseed,recall_temp._meadows,recall_vegetables
0.668601753305773,0.6394830257827957,0.668601753305773,0.6363452767442423,0.6767885488720471,0.668601753305773,0.6672366773011935,0.668601753305773,0.668601753305773,0.641702644590769,0.6974639209812648,0.8055482497941344,0.9199860237596087,0.8311183144246354,0.9008290816326531,0.632679180887372,0.47806155861165683,0.5451400899342788,0.11700615821885363,0.6923076923076923,0.4604147031102733,0.4003139717425432,0.9817444219066938,0.4765539803707743,0.9059792027729636,0.8776666666666667,0.8546666666666667,0.9416666666666667,0.49433333333333335,0.4866666666666667,0.5253333333333333,0.5416666666666666,0.741,0.32566666666666666,0.783410138248848,0.968,0.437,0.697
