accuracy,kappa,f1_micro,f1_macro,f1_weighted,recall_micro,recall_macro,recall_weighted,precision_micro,precision_macro,precision_weighted,gmean,precision_wheat,precision_fodder,precision_misc.,precision_orchards,precision_protein_crops,precision_vegetables,recall_wheat,recall_fodder,recall_misc.,recall_orchards,recall_protein_crops,recall_vegetables
0.7279316395819028,0.6602604962881803,0.7279316395819027,0.6438036039479843,0.7395579784886823,0.7279316395819028,0.6804825639367236,0.7279316395819028,0.7279316395819028,0.6375020459385999,0.763612116034477,0.8022695986656371,0.8985826771653543,0.7888300040766408,0.7039543997149982,0.1928071928071928,0.41544117647058826,0.8253968253968254,0.951,0.645,0.6586666666666666,0.4232456140350877,0.6943164362519201,0.7106666666666667
