accuracy,kappa,f1_micro,f1_macro,f1_weighted,recall_micro,recall_macro,recall_weighted,precision_micro,precision_macro,precision_weighted,gmean,precision_barley,precision_wheat,precision_corn,precision_fodder,precision_misc.,precision_orchards,precision_cereals,precision_perm._meadows,precision_protein_crops,precision_rapeseed,precision_temp._meadows,precision_vegetables,recall_barley,recall_wheat,recall_corn,recall_fodder,recall_misc.,recall_orchards,recall_cereals,recall_perm._meadows,recall_protein_crops,recall_rapeseed,recall_temp._meadows,recall_vegetables
0.6330086475712862,0.5976446082683198,0.6330086475712862,0.5846210876911033,0.6350397419521171,0.6330086475712862,0.6204887757026977,0.6330086475712862,0.6330086475712862,0.6127792549483781,0.6816768090786298,0.7745271389098375,0.8042262274704786,0.7328221763491596,0.8981450252951096,0.6709401709401709,0.5975961538461538,0.12162162162162163,0.5263157894736842,0.5380067567567568,0.23232323232323232,0.9626292959626293,0.39166314007617437,0.8770614692653673,0.8626666666666667,0.8283333333333334,0.8876666666666667,0.36633333333333334,0.41433333333333333,0.35526315789473684,0.6133333333333333,0.21233333333333335,0.7419354838709677,0.9616666666666667,0.617,0.585
