accuracy,kappa,f1_micro,f1_macro,f1_weighted,recall_micro,recall_macro,recall_weighted,precision_micro,precision_macro,precision_weighted,gmean,precision_barley,precision_wheat,precision_fodder,precision_fallow,precision_misc.,precision_orchards,precision_cereals,precision_perm._meadows,precision_protein_crops,precision_rapeseed,precision_temp._meadows,recall_barley,recall_wheat,recall_fodder,recall_fallow,recall_misc.,recall_orchards,recall_cereals,recall_perm._meadows,recall_protein_crops,recall_rapeseed,recall_temp._meadows
0.5864375422492617,0.5416435654668823,0.5864375422492617,0.549241279712081,0.5876102415227021,0.5864375422492617,0.5856691067845566,0.5864375422492617,0.5864375422492617,0.5468802676254728,0.6019881554379073,0.7492915644129521,0.8617771509167842,0.7486941381311666,0.5686067019400353,0.41688754259750094,0.5333579063767048,0.11911554921540657,0.5965811965811966,0.3883183568677792,0.35076108537392453,0.9756013745704467,0.45598194130925507,0.8146666666666667,0.86,0.5373333333333333,0.367,0.48233333333333334,0.36622807017543857,0.5816666666666667,0.4033333333333333,0.8141321044546851,0.9463333333333334,0.2693333333333333
