accuracy,kappa,f1_micro,f1_macro,f1_weighted,recall_micro,recall_macro,recall_weighted,precision_micro,precision_macro,precision_weighted,gmean,precision_wheat,precision_corn,precision_orchards,precision_perm._meadows,precision_rapeseed,precision_temp._meadows,precision_vegetables,recall_wheat,recall_corn,recall_orchards,recall_perm._meadows,recall_rapeseed,recall_temp._meadows,recall_vegetables
0.7799631556133507,0.7396618222736263,0.7799631556133507,0.7227646449328627,0.7828763645379074,0.7799631556133507,0.7423283208020051,0.7799631556133507,0.7799631556133507,0.7198346220449844,0.7906120362931327,0.8457322354767997,0.9317809117743523,0.9245346869712352,0.2063645130183221,0.551450276243094,0.980365605958023,0.5910596026490066,0.8532867577008574,0.947,0.9106666666666666,0.4692982456140351,0.5323333333333333,0.9653333333333334,0.476,0.8956666666666667
