accuracy,kappa,f1_micro,f1_macro,f1_weighted,recall_micro,recall_macro,recall_weighted,precision_micro,precision_macro,precision_weighted,gmean,precision_fodder,precision_orchards,precision_protein_crops,precision_temp._meadows,precision_vegetables,recall_fodder,recall_orchards,recall_protein_crops,recall_temp._meadows,recall_vegetables
0.5851390125655487,0.4558556273028084,0.5851390125655487,0.5394756888290708,0.5910575973575777,0.5851390125655487,0.6230189506023123,0.5851390125655487,0.5851390125655487,0.5270477045841463,0.6276561898744347,0.7464028716842224,0.5780500799147575,0.236404833836858,0.4089316987740806,0.5728779168075753,0.8389739935874599,0.3616666666666667,0.6864035087719298,0.717357910906298,0.5646666666666667,0.785
