accuracy,kappa,f1_micro,f1_macro,f1_weighted,recall_micro,recall_macro,recall_weighted,precision_micro,precision_macro,precision_weighted,gmean,precision_barley,precision_wheat,precision_fallow,precision_misc.,precision_orchards,precision_perm._meadows,precision_protein_crops,precision_rapeseed,precision_vegetables,recall_barley,recall_wheat,recall_fallow,recall_misc.,recall_orchards,recall_perm._meadows,recall_protein_crops,recall_rapeseed,recall_vegetables
0.7074229881937848,0.6674132605589611,0.7074229881937849,0.6575414129008316,0.7221011666016957,0.7074229881937848,0.6998952758239685,0.7074229881937848,0.7074229881937848,0.6628147186359483,0.7530980280827346,0.8213614811740707,0.8859060402684564,0.9382373351839001,0.5136986301369864,0.552009012392039,0.1357636706473916,0.6505353319057816,0.38394062078272606,0.977906186267845,0.9273356401384083,0.88,0.9013333333333333,0.5,0.49,0.47368421052631576,0.5063333333333333,0.8740399385560675,0.959,0.7146666666666667
