accuracy,kappa,f1_micro,f1_macro,f1_weighted,recall_micro,recall_macro,recall_weighted,precision_micro,precision_macro,precision_weighted,gmean,precision_barley,precision_wheat,precision_corn,precision_fodder,precision_fallow,precision_misc.,precision_orchards,precision_cereals,precision_perm._meadows,precision_protein_crops,precision_rapeseed,precision_temp._meadows,precision_vegetables,recall_barley,recall_wheat,recall_corn,recall_fodder,recall_fallow,recall_misc.,recall_orchards,recall_cereals,recall_perm._meadows,recall_protein_crops,recall_rapeseed,recall_temp._meadows,recall_vegetables
0.6751986395754537,0.6460830627735774,0.6751986395754537,0.6386332059179977,0.6771476980889961,0.6751986395754537,0.6682091145979091,0.6751986395754537,0.6751986395754537,0.6424397535833297,0.6963420688274857,0.80631497139562,0.9166666666666666,0.7823050058207218,0.893590148405431,0.6883116883116883,0.43941570881226055,0.537590113285273,0.14978292329956586,0.7346278317152104,0.4800655379574003,0.39334341906202724,0.9790469753295032,0.49086843086097653,0.8661023470565602,0.8726666666666667,0.896,0.9433333333333334,0.4593333333333333,0.6116666666666667,0.522,0.45394736842105265,0.681,0.293,0.7987711213517665,0.9656666666666667,0.439,0.7503333333333333
